
DELETE FROM chart;
INSERT INTO chart (id, accno, description, charttype, category, link, gifi_accno, contra, closed, allow_gl, symbol_link, parent_id) VALUES (10001, '1', 'AKTIVEN', 'H', 'A', '', '1', false, false, true, '', NULL);
INSERT INTO chart (id, accno, description, charttype, category, link, gifi_accno, contra, closed, allow_gl, symbol_link, parent_id) VALUES (10003, '100', 'FLÜSSIGE MITTEL', 'H', 'A', '', '100', false, false, true, '', 10002);
INSERT INTO chart (id, accno, description, charttype, category, link, gifi_accno, contra, closed, allow_gl, symbol_link, parent_id) VALUES (10006, '106', 'KURZFRISTIG GEHALTENE AKTIVEN MIT BÖRSENKURS', 'H', 'A', '', '106', false, false, false, '', NULL);
INSERT INTO chart (id, accno, description, charttype, category, link, gifi_accno, contra, closed, allow_gl, symbol_link, parent_id) VALUES (10002, '10', 'UMLAUFVERMÖGEN', 'H', 'A', '', '100', false, false, true, '', 10001);
INSERT INTO chart (id, accno, description, charttype, category, link, gifi_accno, contra, closed, allow_gl, symbol_link, parent_id) VALUES (10008, '109', 'TRANSFERKONTO', 'H', 'A', '', '109', false, false, true, '', NULL);
INSERT INTO chart (id, accno, description, charttype, category, link, gifi_accno, contra, closed, allow_gl, symbol_link, parent_id) VALUES (10011, '110', 'FORDERUNGEN AUS LIEFERUNGEN UND LEISTUNGEN GEGENÜBER DRITTEN', 'H', 'A', '', '110', false, false, false, '', NULL);
INSERT INTO chart (id, accno, description, charttype, category, link, gifi_accno, contra, closed, allow_gl, symbol_link, parent_id) VALUES (10017, '111', 'FORDERUNGEN AUS LIEFERUNGEN UND LEISTUNGEN GEGENÜBER BETEILIGUNGEN', 'H', 'A', '', '111', false, false, false, '', NULL);
INSERT INTO chart (id, accno, description, charttype, category, link, gifi_accno, contra, closed, allow_gl, symbol_link, parent_id) VALUES (10019, '112', 'FORDERUNGEN AUS LIEFERUNGEN UND LEISTUNGEN GEGENÜBER BETEILIGTEN UND ORGANEN', 'H', 'A', '', '112', false, false, true, '', NULL);
INSERT INTO chart (id, accno, description, charttype, category, link, gifi_accno, contra, closed, allow_gl, symbol_link, parent_id) VALUES (10021, '114', 'ÜBRIGE KURZFRISTIGE FORDERUNGEN GEGENÜBER DRITTEN', 'H', 'A', '', '114', false, false, true, '', NULL);
INSERT INTO chart (id, accno, description, charttype, category, link, gifi_accno, contra, closed, allow_gl, symbol_link, parent_id) VALUES (10022, '115', 'ÜBRIGE KURZFRISTIGE FORDERUNGEN GEGENÜBER BETEILIGUNGEN', 'H', 'A', '', '115', false, false, true, '', NULL);
INSERT INTO chart (id, accno, description, charttype, category, link, gifi_accno, contra, closed, allow_gl, symbol_link, parent_id) VALUES (10023, '116', 'ÜBRIGE KURZFRISTIGE FORDERUNGEN GEGENÜBER BETEILIGTEN UND ORGANEN', 'H', 'A', '', '116', false, false, true, '', NULL);
INSERT INTO chart (id, accno, description, charttype, category, link, gifi_accno, contra, closed, allow_gl, symbol_link, parent_id) VALUES (10024, '117', 'ÜBRIGE KURZFRISTIGE FORDERUNGEN GEGENÜBER STAATLICHEN STELLEN', 'H', 'A', '', '117', false, false, true, '', NULL);
INSERT INTO chart (id, accno, description, charttype, category, link, gifi_accno, contra, closed, allow_gl, symbol_link, parent_id) VALUES (10027, '118', 'ÜBRIGE KURZFRISTIGE FORDERUNGEN GEGENÜBER SOZIALVERSICHERUNGEN', 'H', 'A', '', '118', false, false, true, '', NULL);
INSERT INTO chart (id, accno, description, charttype, category, link, gifi_accno, contra, closed, allow_gl, symbol_link, parent_id) VALUES (10028, '119', 'ANZAHLUNGEN', 'H', 'A', '', '119', false, false, true, '', NULL);
INSERT INTO chart (id, accno, description, charttype, category, link, gifi_accno, contra, closed, allow_gl, symbol_link, parent_id) VALUES (10030, '120', 'VORRÄTE UND NICHT FAKTURIERTE DIENSTLEISTUNGEN', 'H', 'A', '', '120', false, false, true, '', NULL);
INSERT INTO chart (id, accno, description, charttype, category, link, gifi_accno, contra, closed, allow_gl, symbol_link, parent_id) VALUES (10032, '130', 'AKTIVE RECHNUNGSABGRENZUNGEN', 'H', 'A', '', '130', false, false, true, '', NULL);
INSERT INTO chart (id, accno, description, charttype, category, link, gifi_accno, contra, closed, allow_gl, symbol_link, parent_id) VALUES (10037, '14', 'ANLAGEVERMÖGEN', 'H', 'A', '', '140', false, false, true, '', NULL);
INSERT INTO chart (id, accno, description, charttype, category, link, gifi_accno, contra, closed, allow_gl, symbol_link, parent_id) VALUES (10038, '140', 'FINANZANLAGEN', 'H', 'A', '', '140', false, false, true, '', NULL);
INSERT INTO chart (id, accno, description, charttype, category, link, gifi_accno, contra, closed, allow_gl, symbol_link, parent_id) VALUES (10040, '144', 'LANGFRISTIGE FORDERUNGEN GEGENÜBER DRITTEN', 'H', 'A', '', '144', false, false, true, '', NULL);
INSERT INTO chart (id, accno, description, charttype, category, link, gifi_accno, contra, closed, allow_gl, symbol_link, parent_id) VALUES (10042, '145', 'LANGFRISTIGE FORDERUNGEN GEGENÜBER BETEILIGUNGEN', 'H', 'A', '', '145', false, false, true, '', NULL);
INSERT INTO chart (id, accno, description, charttype, category, link, gifi_accno, contra, closed, allow_gl, symbol_link, parent_id) VALUES (10044, '146', 'LANGFRISTIGE FORDERUNGEN GEGENÜBER BETEILIGTEN UND ORGANEN', 'H', 'A', '', '146', false, false, true, '', NULL);
INSERT INTO chart (id, accno, description, charttype, category, link, gifi_accno, contra, closed, allow_gl, symbol_link, parent_id) VALUES (10046, '148', 'BETEILIGUNGEN', 'H', 'A', '', '148', false, false, true, '', NULL);
INSERT INTO chart (id, accno, description, charttype, category, link, gifi_accno, contra, closed, allow_gl, symbol_link, parent_id) VALUES (10048, '150', 'MOBILE SACHANLAGEN', 'H', 'A', '', '150', false, false, true, '', NULL);
INSERT INTO chart (id, accno, description, charttype, category, link, gifi_accno, contra, closed, allow_gl, symbol_link, parent_id) VALUES (10055, '160', 'IMMOBILE SACHANLAGEN', 'H', 'A', '', '160', false, false, true, '', NULL);
INSERT INTO chart (id, accno, description, charttype, category, link, gifi_accno, contra, closed, allow_gl, symbol_link, parent_id) VALUES (10057, '170', 'IMMATERIELLE WERTE', 'H', 'A', '', '170', false, false, true, '', NULL);
INSERT INTO chart (id, accno, description, charttype, category, link, gifi_accno, contra, closed, allow_gl, symbol_link, parent_id) VALUES (10062, '180', 'NICHT EINBEZAHLTES GRUNDKAPITAL', 'H', 'A', '', '180', false, false, true, '', NULL);
INSERT INTO chart (id, accno, description, charttype, category, link, gifi_accno, contra, closed, allow_gl, symbol_link, parent_id) VALUES (10064, '2', 'PASSIVEN', 'H', 'L', '', '2', false, false, true, '', NULL);
INSERT INTO chart (id, accno, description, charttype, category, link, gifi_accno, contra, closed, allow_gl, symbol_link, parent_id) VALUES (10065, '20', 'KURZFRISTIGES FREMDKAPITAL', 'H', 'L', '', '200', false, false, true, '', NULL);
INSERT INTO chart (id, accno, description, charttype, category, link, gifi_accno, contra, closed, allow_gl, symbol_link, parent_id) VALUES (10066, '200', 'VERBINDLICHKEITEN AUS LIEFERUNGEN UND LEISTUNGEN GEGENÜBER DRITTEN', 'H', 'L', '', '200', false, false, true, '', NULL);
INSERT INTO chart (id, accno, description, charttype, category, link, gifi_accno, contra, closed, allow_gl, symbol_link, parent_id) VALUES (10070, '201', 'VERBINDLICHKEITEN AUS LIEFERUNGEN UND LEISTUNGEN GEGENÜBER BETEILIGTEN UND ORGANEN', 'H', 'Q', '', '201', false, false, false, '', NULL);
INSERT INTO chart (id, accno, description, charttype, category, link, gifi_accno, contra, closed, allow_gl, symbol_link, parent_id) VALUES (10072, '202', 'VERBINDLICHKEITEN AUS LIEFERUNGEN UND LEISTUNGEN GEGENÜBER BETEILIGUNGEN', 'H', 'Q', '', '202', false, false, false, '', NULL);
INSERT INTO chart (id, accno, description, charttype, category, link, gifi_accno, contra, closed, allow_gl, symbol_link, parent_id) VALUES (10074, '203', 'ERHALTENE ANZAHLUNGEN VON DRITTEN', 'H', 'L', '', '203', false, false, false, '', NULL);
INSERT INTO chart (id, accno, description, charttype, category, link, gifi_accno, contra, closed, allow_gl, symbol_link, parent_id) VALUES (10076, '214', 'KURZFRISTIGE VERZINSLICHE VERBINDLICHKEITEN GEGENÜBER DRITTEN', 'H', 'L', '', '214', false, false, true, '', NULL);
INSERT INTO chart (id, accno, description, charttype, category, link, gifi_accno, contra, closed, allow_gl, symbol_link, parent_id) VALUES (10077, '215', 'KURZFRISTIGE VERZINSLICHE VERBINDLICHKEITEN GEGENÜBER BETEILIGUNGEN', 'H', 'L', '', '215', false, false, true, '', NULL);
INSERT INTO chart (id, accno, description, charttype, category, link, gifi_accno, contra, closed, allow_gl, symbol_link, parent_id) VALUES (10078, '216', 'KURZFRISTIGE VERZINSLICHE VERBINDLICHKEITEN GEGENÜBER BETEILIGTEN UND ORGANEN', 'H', 'L', '', '216', false, false, true, '', NULL);
INSERT INTO chart (id, accno, description, charttype, category, link, gifi_accno, contra, closed, allow_gl, symbol_link, parent_id) VALUES (10005, '1020', 'Bank', 'A', 'A', 'AR_paid:AP_paid', '100', false, false, true, '', 10003);
INSERT INTO chart (id, accno, description, charttype, category, link, gifi_accno, contra, closed, allow_gl, symbol_link, parent_id) VALUES (10080, '220', 'KURZFRISTIGE VERZINSLICHE VERBINDLICHKEITEN GEGENÜBER STAATLICHEN STELLEN', 'H', 'L', '', '220', false, false, true, '', NULL);
INSERT INTO chart (id, accno, description, charttype, category, link, gifi_accno, contra, closed, allow_gl, symbol_link, parent_id) VALUES (10092, '221', 'ÜBRIGE KURZFRISTIGE VERBINDLICHKEITEN GEGENÜBER DRITTEN (UNVERZINSLICH)', 'H', 'L', '', '221', false, false, true, '', NULL);
INSERT INTO chart (id, accno, description, charttype, category, link, gifi_accno, contra, closed, allow_gl, symbol_link, parent_id) VALUES (10094, '225', 'ÜBRIGE KURZFRISTIGE VERBINDLICHKEITEN GEGENÜBER BETEILIGUNGEN (UNVERZINSLICH)', 'H', 'L', '', '225', false, false, true, '', NULL);
INSERT INTO chart (id, accno, description, charttype, category, link, gifi_accno, contra, closed, allow_gl, symbol_link, parent_id) VALUES (10095, '226', 'ÜBRIGE KURZFRISTIGE VERBINDLICHKEITEN GEGENÜBER BETEILIGTEN UND ORGANEN (UNVERZINSLICH)', 'H', 'L', '', '226', false, false, true, '', NULL);
INSERT INTO chart (id, accno, description, charttype, category, link, gifi_accno, contra, closed, allow_gl, symbol_link, parent_id) VALUES (10097, '227', 'ÜBRIGE KURZFRISTIGE VERBINDLICHKEITEN GEGENÜBER SOZIALVERSICHERUNGEN UND VORSORGEEINRICHTUNGEN (UNVERZINSLICH)', 'H', 'L', '', '227', false, false, true, '', NULL);
INSERT INTO chart (id, accno, description, charttype, category, link, gifi_accno, contra, closed, allow_gl, symbol_link, parent_id) VALUES (10104, '230', 'PASSIVE RECHNUNGSABGRENZUNG UND KURZFRISTIGE RÜCKSTELLUNGEN', 'H', 'L', '', '230', false, false, true, '', NULL);
INSERT INTO chart (id, accno, description, charttype, category, link, gifi_accno, contra, closed, allow_gl, symbol_link, parent_id) VALUES (10110, '24', 'LANGFRISTIGES FREMDKAPITAL', 'H', 'L', '', '240', false, false, true, '', NULL);
INSERT INTO chart (id, accno, description, charttype, category, link, gifi_accno, contra, closed, allow_gl, symbol_link, parent_id) VALUES (10111, '240', 'LANGFRISTIGE VERZINSLICHE VERBINDLICHKEITEN', 'H', 'L', '', '240', false, false, true, '', NULL);
INSERT INTO chart (id, accno, description, charttype, category, link, gifi_accno, contra, closed, allow_gl, symbol_link, parent_id) VALUES (10113, '245', 'LANGFRISTIGE VERZINSLICHE VERBINDLICHKEITEN GEGENÜBER DRITTEN', 'H', 'L', '', '245', false, false, true, '', NULL);
INSERT INTO chart (id, accno, description, charttype, category, link, gifi_accno, contra, closed, allow_gl, symbol_link, parent_id) VALUES (10114, '247', 'LANGFRISTIGE VERZINSLICHE VERBINDLICHKEITEN GEGENÜBER BETEILIGUNGEN', 'H', 'L', '', '247', false, false, true, '', NULL);
INSERT INTO chart (id, accno, description, charttype, category, link, gifi_accno, contra, closed, allow_gl, symbol_link, parent_id) VALUES (10115, '248', 'LANGFRISTIGE VERZINSLICHE VERBINDLICHKEITEN GEGENÜBER BETEILIGTEN UND ORGANEN', 'H', 'L', '', '248', false, false, true, '', NULL);
INSERT INTO chart (id, accno, description, charttype, category, link, gifi_accno, contra, closed, allow_gl, symbol_link, parent_id) VALUES (10116, '250', 'ÜBRIGE LANGFRISTIGE VERBINDLICHKEITEN GEGENÜBER DRITTEN (UNVERZINSLICH)', 'H', 'L', '', '250', false, false, true, '', NULL);
INSERT INTO chart (id, accno, description, charttype, category, link, gifi_accno, contra, closed, allow_gl, symbol_link, parent_id) VALUES (10117, '255', 'ÜBRIGE LANGFRISTIGE VERBINDLICHKEITEN GEGENÜBER BETEILIGUNGEN (UNVERZINSLICH)', 'H', 'L', '', '255', false, false, true, '', NULL);
INSERT INTO chart (id, accno, description, charttype, category, link, gifi_accno, contra, closed, allow_gl, symbol_link, parent_id) VALUES (10118, '256', 'ÜBRIGE LANGFRISITGE VERBINDLICHKEITEN GEGENÜBER BETEILIGTEN UND ORGANEN (UNVERZINSLICH)', 'H', 'L', '', '256', false, false, true, '', NULL);
INSERT INTO chart (id, accno, description, charttype, category, link, gifi_accno, contra, closed, allow_gl, symbol_link, parent_id) VALUES (10119, '260', 'RÜCKSTELLUNGEN SOWIE VOM GESETZ VORGESEHENE ÄHNLICHE POSITIONEN', 'H', 'L', '', '260', false, false, true, '', NULL);
INSERT INTO chart (id, accno, description, charttype, category, link, gifi_accno, contra, closed, allow_gl, symbol_link, parent_id) VALUES (10121, '28', 'EIGENKAPITAL', 'H', 'Q', '', '280', false, false, true, '', NULL);
INSERT INTO chart (id, accno, description, charttype, category, link, gifi_accno, contra, closed, allow_gl, symbol_link, parent_id) VALUES (10122, '280', 'GRUNDKAPITAL', 'H', 'Q', '', '280', false, false, true, '', NULL);
INSERT INTO chart (id, accno, description, charttype, category, link, gifi_accno, contra, closed, allow_gl, symbol_link, parent_id) VALUES (10126, '290', 'GESETZLICHE KAPITALRESERVE', 'H', 'Q', '', '290', false, false, true, '', NULL);
INSERT INTO chart (id, accno, description, charttype, category, link, gifi_accno, contra, closed, allow_gl, symbol_link, parent_id) VALUES (10129, '295', 'GESETZLICHE GEWINNRESERVE', 'H', 'Q', '', '295', false, false, false, '', NULL);
INSERT INTO chart (id, accno, description, charttype, category, link, gifi_accno, contra, closed, allow_gl, symbol_link, parent_id) VALUES (10131, '296', 'FREIWILLIGE GEWINNRESERVEN', 'H', 'Q', '', '296', false, false, false, '', NULL);
INSERT INTO chart (id, accno, description, charttype, category, link, gifi_accno, contra, closed, allow_gl, symbol_link, parent_id) VALUES (10134, '297', 'BILANZGEWINN ODER BILANZVERLUST', 'H', 'Q', '', '297', false, false, true, '', NULL);
INSERT INTO chart (id, accno, description, charttype, category, link, gifi_accno, contra, closed, allow_gl, symbol_link, parent_id) VALUES (10137, '298', 'EIGENE KAPITALANTEILE', 'H', 'Q', '', '298', false, false, true, '', NULL);
INSERT INTO chart (id, accno, description, charttype, category, link, gifi_accno, contra, closed, allow_gl, symbol_link, parent_id) VALUES (10139, '3', 'GESAMTLEISTUNG', 'H', 'I', '', '3', false, false, true, '', NULL);
INSERT INTO chart (id, accno, description, charttype, category, link, gifi_accno, contra, closed, allow_gl, symbol_link, parent_id) VALUES (10140, '30', 'NETTOERLÖSE AUS LIEFERUNGEN UND LEISTUNGEN', 'H', 'I', '', '300', false, false, true, '', NULL);
INSERT INTO chart (id, accno, description, charttype, category, link, gifi_accno, contra, closed, allow_gl, symbol_link, parent_id) VALUES (10141, '300', 'PRODUKTIONSERLÖSE', 'H', 'I', '', '300', false, false, true, '', NULL);
INSERT INTO chart (id, accno, description, charttype, category, link, gifi_accno, contra, closed, allow_gl, symbol_link, parent_id) VALUES (10143, '320', 'HANDELSERLÖSE', 'H', 'I', '', '320', false, false, true, '', NULL);
INSERT INTO chart (id, accno, description, charttype, category, link, gifi_accno, contra, closed, allow_gl, symbol_link, parent_id) VALUES (10145, '340', 'DIENSTLEISTUNGSERLÖSE', 'H', 'I', '', '340', false, false, true, '', NULL);
INSERT INTO chart (id, accno, description, charttype, category, link, gifi_accno, contra, closed, allow_gl, symbol_link, parent_id) VALUES (10153, '350', 'ERLÖSMINDERUNGEN AUS LIEFERUNGEN UND LEISTUNGEN', 'H', 'I', '', '350', false, false, true, '', NULL);
INSERT INTO chart (id, accno, description, charttype, category, link, gifi_accno, contra, closed, allow_gl, symbol_link, parent_id) VALUES (10155, '36', 'ÜBRIGER ERLÖS', 'H', 'I', '', '360', false, false, true, '', NULL);
INSERT INTO chart (id, accno, description, charttype, category, link, gifi_accno, contra, closed, allow_gl, symbol_link, parent_id) VALUES (10161, '37', 'AKTIVIERTE EIGENLEISTUNGEN', 'H', 'I', '', '370', false, false, true, '', NULL);
INSERT INTO chart (id, accno, description, charttype, category, link, gifi_accno, contra, closed, allow_gl, symbol_link, parent_id) VALUES (10164, '38', 'ERLÖSMINDERUNGEN', 'H', 'I', '', '380', false, false, true, '', NULL);
INSERT INTO chart (id, accno, description, charttype, category, link, gifi_accno, contra, closed, allow_gl, symbol_link, parent_id) VALUES (10170, '39', 'BESTANDESÄNDERUNGEN AN UNFERTIGEN UND FERTIGEN ERZEUGNISSEN SOWIE AN NICHT FAKTURIERTEN DIENSTLEISTUNGEN', 'H', 'I', '', '390', false, false, true, '', NULL);
INSERT INTO chart (id, accno, description, charttype, category, link, gifi_accno, contra, closed, allow_gl, symbol_link, parent_id) VALUES (10174, '4', 'AUFWAND FÜR MATERIAL, WAREN UND DIENSTLEISTUNGEN', 'H', 'E', '', '400', false, false, true, '', NULL);
INSERT INTO chart (id, accno, description, charttype, category, link, gifi_accno, contra, closed, allow_gl, symbol_link, parent_id) VALUES (10175, '40', 'MATERIALAUFWAND', 'H', 'E', '', '400', false, false, true, '', NULL);
INSERT INTO chart (id, accno, description, charttype, category, link, gifi_accno, contra, closed, allow_gl, symbol_link, parent_id) VALUES (10177, '42', 'HANDELSWARENAUFWAND', 'H', 'E', '', '420', false, false, true, '', NULL);
INSERT INTO chart (id, accno, description, charttype, category, link, gifi_accno, contra, closed, allow_gl, symbol_link, parent_id) VALUES (10179, '44', 'AUFWAND FÜR BEZOGENE DRITTLEISTUNGEN', 'H', 'E', '', '440', false, false, true, '', NULL);
INSERT INTO chart (id, accno, description, charttype, category, link, gifi_accno, contra, closed, allow_gl, symbol_link, parent_id) VALUES (10181, '45', 'ENERGIEAUFWAND ZUR LEISTUNGSERSTELLUNG', 'H', 'E', '', '450', false, false, true, '', NULL);
INSERT INTO chart (id, accno, description, charttype, category, link, gifi_accno, contra, closed, allow_gl, symbol_link, parent_id) VALUES (10182, '46', 'ÜBRIGER AUFWAND FÜR MATERIAL, HANDELSWAREN UND DIENSTLEISTUNGEN', 'H', 'E', '', '460', false, false, true, '', NULL);
INSERT INTO chart (id, accno, description, charttype, category, link, gifi_accno, contra, closed, allow_gl, symbol_link, parent_id) VALUES (10183, '47', 'DIREKTE EINKAUFSSPESEN', 'H', 'E', '', '470', false, false, true, '', NULL);
INSERT INTO chart (id, accno, description, charttype, category, link, gifi_accno, contra, closed, allow_gl, symbol_link, parent_id) VALUES (10184, '48', 'BESTANDESÄNDERUNGEN MATERIAL- / WARENVERLUSTE', 'H', 'E', '', '480', false, false, true, '', NULL);
INSERT INTO chart (id, accno, description, charttype, category, link, gifi_accno, contra, closed, allow_gl, symbol_link, parent_id) VALUES (10187, '49', 'EINKAUFSPREISMINDERUNGEN', 'H', 'E', '', '490', false, false, true, '', NULL);
INSERT INTO chart (id, accno, description, charttype, category, link, gifi_accno, contra, closed, allow_gl, symbol_link, parent_id) VALUES (10189, '5', 'PERSONALAUFWAND', 'H', 'E', '', '500', false, false, true, '', NULL);
INSERT INTO chart (id, accno, description, charttype, category, link, gifi_accno, contra, closed, allow_gl, symbol_link, parent_id) VALUES (10190, '54', 'LOHNAUFWAND', 'H', 'E', '', '540', false, false, false, '', NULL);
INSERT INTO chart (id, accno, description, charttype, category, link, gifi_accno, contra, closed, allow_gl, symbol_link, parent_id) VALUES (10196, '57', 'SOZIALVERSICHERUNGSAUFWAND', 'H', 'E', '', '570', false, false, true, '', NULL);
INSERT INTO chart (id, accno, description, charttype, category, link, gifi_accno, contra, closed, allow_gl, symbol_link, parent_id) VALUES (10203, '58', 'ÜBRIGER PERSONALAUFWAND', 'H', 'E', '', '580', false, false, true, '', NULL);
INSERT INTO chart (id, accno, description, charttype, category, link, gifi_accno, contra, closed, allow_gl, symbol_link, parent_id) VALUES (10211, '59', 'LEISTUNGEN DRITTER', 'H', 'E', '', '590', false, false, true, '', NULL);
INSERT INTO chart (id, accno, description, charttype, category, link, gifi_accno, contra, closed, allow_gl, symbol_link, parent_id) VALUES (10213, '6', 'ÜBRIGER BETRIEBLICHER AUFWAND, ABSCHREIBUNGEN UND WERTBERICHTIGUNGEN SOWIE FINANZERGEBNIS', 'H', 'E', '', '600', false, false, true, '', NULL);
INSERT INTO chart (id, accno, description, charttype, category, link, gifi_accno, contra, closed, allow_gl, symbol_link, parent_id) VALUES (10214, '60', 'ÜBRIGER BETRIEBLICHER AUFWAND', 'H', 'E', '', '600', false, false, true, '', NULL);
INSERT INTO chart (id, accno, description, charttype, category, link, gifi_accno, contra, closed, allow_gl, symbol_link, parent_id) VALUES (10215, '600', 'RAUMAUFWAND', 'H', 'E', '', '600', false, false, false, '', NULL);
INSERT INTO chart (id, accno, description, charttype, category, link, gifi_accno, contra, closed, allow_gl, symbol_link, parent_id) VALUES (10221, '610', 'UNTERHALT, REPARATUREN, ERSATZ (URE) LEASING MOBILE SACHANLAGEN', 'H', 'E', '', '610', false, false, true, '', NULL);
INSERT INTO chart (id, accno, description, charttype, category, link, gifi_accno, contra, closed, allow_gl, symbol_link, parent_id) VALUES (10224, '620', 'FAHRZEUG- UND TRANSPORTAUFWAND', 'H', 'E', '', '620', false, false, true, '', NULL);
INSERT INTO chart (id, accno, description, charttype, category, link, gifi_accno, contra, closed, allow_gl, symbol_link, parent_id) VALUES (10232, '630', 'SACHVERSICHERUNGEN, ABGABEN, GEBÜHREN, BEWILLIGUNGEN', 'H', 'E', '', '630', false, false, true, '', NULL);
INSERT INTO chart (id, accno, description, charttype, category, link, gifi_accno, contra, closed, allow_gl, symbol_link, parent_id) VALUES (10236, '640', 'ENERGIE- UND ENTSORGUNGSAUFWAND', 'H', 'E', '', '640', false, false, true, '', NULL);
INSERT INTO chart (id, accno, description, charttype, category, link, gifi_accno, contra, closed, allow_gl, symbol_link, parent_id) VALUES (10239, '650', 'VERWALTUNGSAUFWAND', 'H', 'E', '', '650', false, false, true, '', NULL);
INSERT INTO chart (id, accno, description, charttype, category, link, gifi_accno, contra, closed, allow_gl, symbol_link, parent_id) VALUES (10254, '657', 'INFORMATIKAUFWAND', 'H', 'E', '', '657', false, false, true, '', NULL);
INSERT INTO chart (id, accno, description, charttype, category, link, gifi_accno, contra, closed, allow_gl, symbol_link, parent_id) VALUES (10260, '660', 'WERBEAUFWAND', 'H', 'E', '', '660', false, false, true, '', NULL);
INSERT INTO chart (id, accno, description, charttype, category, link, gifi_accno, contra, closed, allow_gl, symbol_link, parent_id) VALUES (10269, '670', 'SONSTIGER BETRIEBLICHER AUFWAND', 'H', 'E', '', '670', false, false, true, '', NULL);
INSERT INTO chart (id, accno, description, charttype, category, link, gifi_accno, contra, closed, allow_gl, symbol_link, parent_id) VALUES (10278, '68', 'ABSCHREIBUNGEN UND WERTBERICHTIGUNGEN AUF POSITIONEN DES ANLAGEVERMÖGENS', 'H', 'E', '', '680', false, false, true, '', NULL);
INSERT INTO chart (id, accno, description, charttype, category, link, gifi_accno, contra, closed, allow_gl, symbol_link, parent_id) VALUES (10281, '69', 'FINANZAUFWAND UND FINANZERTRAG', 'H', 'E', '', '690', false, false, false, '', NULL);
INSERT INTO chart (id, accno, description, charttype, category, link, gifi_accno, contra, closed, allow_gl, symbol_link, parent_id) VALUES (10282, '690', 'FINANZAUFWAND', 'H', 'E', '', '690', false, false, true, '', NULL);
INSERT INTO chart (id, accno, description, charttype, category, link, gifi_accno, contra, closed, allow_gl, symbol_link, parent_id) VALUES (10290, '695', 'FINANZERTRAG', 'H', 'E', '', '690', false, false, true, '', NULL);
INSERT INTO chart (id, accno, description, charttype, category, link, gifi_accno, contra, closed, allow_gl, symbol_link, parent_id) VALUES (10293, '7', 'BETRIEBSFREMDER AUFWAND UND ERTRAG', 'H', 'E', '', '700', false, false, false, '', NULL);
INSERT INTO chart (id, accno, description, charttype, category, link, gifi_accno, contra, closed, allow_gl, symbol_link, parent_id) VALUES (10294, '700', 'ERTRAG AUS NEBENBETRIEBEN', 'H', 'E', '', '700', false, false, true, '', NULL);
INSERT INTO chart (id, accno, description, charttype, category, link, gifi_accno, contra, closed, allow_gl, symbol_link, parent_id) VALUES (10296, '701', 'AUFWAND AUS NEBENBETRIEBEN', 'H', 'E', '', '701', false, false, true, '', NULL);
INSERT INTO chart (id, accno, description, charttype, category, link, gifi_accno, contra, closed, allow_gl, symbol_link, parent_id) VALUES (10298, '8', 'AUSSERORDENTLICHER, EINMALIGER ODER PERIODENFREMDER AUFWAND UND ERTRAG SOWIE DIREKTE STEUERN', 'H', 'E', '', '800', false, false, true, '', NULL);
INSERT INTO chart (id, accno, description, charttype, category, link, gifi_accno, contra, closed, allow_gl, symbol_link, parent_id) VALUES (10299, '80', 'AUSSERORDENTLICHER, EINMALIGER ODER PERIODENFREMDER AUFWAND UND ERTRAG', 'H', 'E', '', '800', false, false, false, '', NULL);
INSERT INTO chart (id, accno, description, charttype, category, link, gifi_accno, contra, closed, allow_gl, symbol_link, parent_id) VALUES (10300, '800', 'BETRIEBSFREMDER AUFWAND', 'H', 'E', '', '800', false, false, true, '', NULL);
INSERT INTO chart (id, accno, description, charttype, category, link, gifi_accno, contra, closed, allow_gl, symbol_link, parent_id) VALUES (10302, '810', 'BETRIEBSFREMDER ERTRAG', 'H', 'E', '', '810', false, false, true, '', NULL);
INSERT INTO chart (id, accno, description, charttype, category, link, gifi_accno, contra, closed, allow_gl, symbol_link, parent_id) VALUES (10304, '850', 'AUSSERORDENTLICHER AUFWAND', 'H', 'E', '', '850', false, false, true, '', NULL);
INSERT INTO chart (id, accno, description, charttype, category, link, gifi_accno, contra, closed, allow_gl, symbol_link, parent_id) VALUES (10306, '851', 'AUSSERORDENTLICHER ERTRAG', 'H', 'E', '', '851', false, false, true, '', NULL);
INSERT INTO chart (id, accno, description, charttype, category, link, gifi_accno, contra, closed, allow_gl, symbol_link, parent_id) VALUES (10308, '860', 'EINMALIGER AUFWAND', 'H', 'E', '', '860', false, false, true, '', NULL);
INSERT INTO chart (id, accno, description, charttype, category, link, gifi_accno, contra, closed, allow_gl, symbol_link, parent_id) VALUES (10310, '861', 'EINMALIGER ERTRAG', 'H', 'E', '', '861', false, false, true, '', NULL);
INSERT INTO chart (id, accno, description, charttype, category, link, gifi_accno, contra, closed, allow_gl, symbol_link, parent_id) VALUES (10312, '870', 'PERIODENFREMDER AUFWAND', 'H', 'E', '', '870', false, false, true, '', NULL);
INSERT INTO chart (id, accno, description, charttype, category, link, gifi_accno, contra, closed, allow_gl, symbol_link, parent_id) VALUES (10314, '871', 'PERIODENFREMDER ERTRAG', 'H', 'E', '', '871', false, false, true, '', NULL);
INSERT INTO chart (id, accno, description, charttype, category, link, gifi_accno, contra, closed, allow_gl, symbol_link, parent_id) VALUES (10316, '89', 'DIREKTE STEUERN', 'H', 'E', '', '890', false, false, true, '', NULL);
INSERT INTO chart (id, accno, description, charttype, category, link, gifi_accno, contra, closed, allow_gl, symbol_link, parent_id) VALUES (10004, '1000', 'Kasse', 'A', 'A', 'AR_paid:AP_paid', '100', false, false, true, 'kassa', 10003);
INSERT INTO chart (id, accno, description, charttype, category, link, gifi_accno, contra, closed, allow_gl, symbol_link, parent_id) VALUES (10007, '1060', 'Wertschriften mit Börsenkurs', 'A', 'A', 'AP_amount', '106', false, false, true, '', 10006);
INSERT INTO chart (id, accno, description, charttype, category, link, gifi_accno, contra, closed, allow_gl, symbol_link, parent_id) VALUES (10009, '1090', 'Transferkonto', 'A', 'A', 'AR_paid:AP_paid', '109', false, false, true, 'transfer', 10008);
INSERT INTO chart (id, accno, description, charttype, category, link, gifi_accno, contra, closed, allow_gl, symbol_link, parent_id) VALUES (10010, '1099', 'Unklare Beträge', 'A', 'A', 'AP_amount', '109', false, false, true, 'abklärung', 10008);
INSERT INTO chart (id, accno, description, charttype, category, link, gifi_accno, contra, closed, allow_gl, symbol_link, parent_id) VALUES (10012, '1100', 'Forderungen Schweiz', 'A', 'A', 'AR', '110', false, false, false, 'forderungenschweiz', 10011);
INSERT INTO chart (id, accno, description, charttype, category, link, gifi_accno, contra, closed, allow_gl, symbol_link, parent_id) VALUES (10013, '1101', 'Forderungen Ausland', 'A', 'A', 'AR', '110', false, false, false, 'forderungenauslandchf', 10011);
INSERT INTO chart (id, accno, description, charttype, category, link, gifi_accno, contra, closed, allow_gl, symbol_link, parent_id) VALUES (10014, '1102', 'Forderungen Ausland Fremdwährungen', 'A', 'A', 'AR', '110', false, false, false, 'forderungenauslandandere', 10011);
INSERT INTO chart (id, accno, description, charttype, category, link, gifi_accno, contra, closed, allow_gl, symbol_link, parent_id) VALUES (10015, '1103', 'Forderungen aus Lieferungen und Leistungen FiBu', 'A', 'A', 'AR_paid', '110', false, false, true, '', 10011);
INSERT INTO chart (id, accno, description, charttype, category, link, gifi_accno, contra, closed, allow_gl, symbol_link, parent_id) VALUES (10016, '1109', 'Wertberichtigungen Forderungen aus Lieferungen und Leistungen gegenüber Dritten', 'A', 'A', '', '110', false, false, true, '', 10011);
INSERT INTO chart (id, accno, description, charttype, category, link, gifi_accno, contra, closed, allow_gl, symbol_link, parent_id) VALUES (10018, '1110', 'Forderungen aus Lieferungen und Leistungen gegenüber Beteiligungen', 'A', 'A', '', '111', false, false, true, '', 10017);
INSERT INTO chart (id, accno, description, charttype, category, link, gifi_accno, contra, closed, allow_gl, symbol_link, parent_id) VALUES (10020, '1120', 'Forderungen aus Lieferungen und Leistungen gegenüber Beteiligten', 'A', 'A', '', '112', false, false, true, '', 10019);
INSERT INTO chart (id, accno, description, charttype, category, link, gifi_accno, contra, closed, allow_gl, symbol_link, parent_id) VALUES (10025, '1177', 'Forderungen gegenüber Oberzolldirektion', 'A', 'A', '', '117', false, false, true, '', 10024);
INSERT INTO chart (id, accno, description, charttype, category, link, gifi_accno, contra, closed, allow_gl, symbol_link, parent_id) VALUES (10026, '1179', 'Verrechnungssteuer', 'A', 'A', '', '117', false, false, true, 'verrechnungssteuer', 10024);
INSERT INTO chart (id, accno, description, charttype, category, link, gifi_accno, contra, closed, allow_gl, symbol_link, parent_id) VALUES (10029, '1192', 'Geleistete Anzahlungen', 'A', 'A', 'AP_paid', '119', false, false, true, '', 10028);
INSERT INTO chart (id, accno, description, charttype, category, link, gifi_accno, contra, closed, allow_gl, symbol_link, parent_id) VALUES (10031, '1280', 'Nicht fakturierte Dienstleistungen', 'A', 'A', 'IC', '120', false, false, true, '', 10030);
INSERT INTO chart (id, accno, description, charttype, category, link, gifi_accno, contra, closed, allow_gl, symbol_link, parent_id) VALUES (10033, '1300', 'Im Voraus bezahlter Aufwand', 'A', 'A', '', '130', false, false, true, '', 10032);
INSERT INTO chart (id, accno, description, charttype, category, link, gifi_accno, contra, closed, allow_gl, symbol_link, parent_id) VALUES (10034, '1301', 'Noch nicht erhaltener Ertrag', 'A', 'A', '', '130', false, false, true, '', 10032);
INSERT INTO chart (id, accno, description, charttype, category, link, gifi_accno, contra, closed, allow_gl, symbol_link, parent_id) VALUES (10035, '1302', 'Arbeitgeberbeitragsreserve', 'A', 'A', '', '130', false, false, true, '', 10032);
INSERT INTO chart (id, accno, description, charttype, category, link, gifi_accno, contra, closed, allow_gl, symbol_link, parent_id) VALUES (10036, '1310', 'Aktive Rechnungsabgrenzung', 'A', 'A', '', '130', false, false, true, 'aktiverechnungsabgrenzung', 10032);
INSERT INTO chart (id, accno, description, charttype, category, link, gifi_accno, contra, closed, allow_gl, symbol_link, parent_id) VALUES (10039, '1400', 'Wertschriften des Anlagevermögens', 'A', 'A', '', '140', false, false, true, '', 10038);
INSERT INTO chart (id, accno, description, charttype, category, link, gifi_accno, contra, closed, allow_gl, symbol_link, parent_id) VALUES (10041, '1440', 'Darlehensforderungen gegenüber Dritten', 'A', 'A', '', '144', false, false, true, '', 10040);
INSERT INTO chart (id, accno, description, charttype, category, link, gifi_accno, contra, closed, allow_gl, symbol_link, parent_id) VALUES (10043, '1450', 'Darlehensforderungen gegenüber Beteiligungen', 'A', 'A', '', '145', false, false, true, '', 10042);
INSERT INTO chart (id, accno, description, charttype, category, link, gifi_accno, contra, closed, allow_gl, symbol_link, parent_id) VALUES (10045, '1460', 'Darlehensforderungen gegenüber Beteiligten', 'A', 'A', '', '146', false, false, true, '', 10044);
INSERT INTO chart (id, accno, description, charttype, category, link, gifi_accno, contra, closed, allow_gl, symbol_link, parent_id) VALUES (10047, '1480', 'Beteiligungen', 'A', 'A', '', '148', false, false, true, '', 10046);
INSERT INTO chart (id, accno, description, charttype, category, link, gifi_accno, contra, closed, allow_gl, symbol_link, parent_id) VALUES (10049, '1500', 'Maschinen und Apparate', 'A', 'A', 'AP_amount', '150', false, false, true, '', 10048);
INSERT INTO chart (id, accno, description, charttype, category, link, gifi_accno, contra, closed, allow_gl, symbol_link, parent_id) VALUES (10050, '1510', 'Mobiliar und Einrichtungen', 'A', 'A', 'AP_amount', '150', false, false, true, '', 10048);
INSERT INTO chart (id, accno, description, charttype, category, link, gifi_accno, contra, closed, allow_gl, symbol_link, parent_id) VALUES (10051, '1520', 'Büromaschinen', 'A', 'A', 'AR_amount:AP_amount', '150', false, false, true, '', 10048);
INSERT INTO chart (id, accno, description, charttype, category, link, gifi_accno, contra, closed, allow_gl, symbol_link, parent_id) VALUES (10052, '1530', 'Fahrzeuge', 'A', 'A', 'AP_amount', '150', false, false, true, '', 10048);
INSERT INTO chart (id, accno, description, charttype, category, link, gifi_accno, contra, closed, allow_gl, symbol_link, parent_id) VALUES (10053, '1540', 'Werkzeuge und Geräte', 'A', 'A', 'AP_amount', '150', false, false, true, '', 10048);
INSERT INTO chart (id, accno, description, charttype, category, link, gifi_accno, contra, closed, allow_gl, symbol_link, parent_id) VALUES (10054, '1590', 'Übrige mobile Sachanlagen', 'A', 'A', 'AP_amount', '150', false, false, true, '', 10048);
INSERT INTO chart (id, accno, description, charttype, category, link, gifi_accno, contra, closed, allow_gl, symbol_link, parent_id) VALUES (10056, '1600', 'Immobile Sachanlagen', 'A', 'A', '', '160', false, false, true, '', 10055);
INSERT INTO chart (id, accno, description, charttype, category, link, gifi_accno, contra, closed, allow_gl, symbol_link, parent_id) VALUES (10058, '1700', 'Patente, Marken, Lizenzen, Urheberrechte', 'A', 'A', 'AP_amount', '170', false, false, true, '', 10057);
INSERT INTO chart (id, accno, description, charttype, category, link, gifi_accno, contra, closed, allow_gl, symbol_link, parent_id) VALUES (10059, '1740', 'Selber entwickelte Software', 'A', 'A', '', '170', false, false, true, '', 10057);
INSERT INTO chart (id, accno, description, charttype, category, link, gifi_accno, contra, closed, allow_gl, symbol_link, parent_id) VALUES (10060, '1741', 'Erworbene Software', 'A', 'A', 'AP_amount', '170', false, false, true, '', 10057);
INSERT INTO chart (id, accno, description, charttype, category, link, gifi_accno, contra, closed, allow_gl, symbol_link, parent_id) VALUES (10061, '1790', 'Übrige immaterielle Werte', 'A', 'A', '', '170', false, false, true, '', 10057);
INSERT INTO chart (id, accno, description, charttype, category, link, gifi_accno, contra, closed, allow_gl, symbol_link, parent_id) VALUES (10063, '1800', 'Nicht einbezahltes Grundkapital', 'A', 'A', '', '180', false, false, true, '', 10062);
INSERT INTO chart (id, accno, description, charttype, category, link, gifi_accno, contra, closed, allow_gl, symbol_link, parent_id) VALUES (10067, '2000', 'Verbindlichkeiten aus Lieferungen und Leistungen', 'A', 'L', 'AP', '200', false, false, false, '', 10066);
INSERT INTO chart (id, accno, description, charttype, category, link, gifi_accno, contra, closed, allow_gl, symbol_link, parent_id) VALUES (10068, '2001', 'Verbindlichkeiten aus Lieferungen und Leistungen FiBu', 'A', 'L', '', '200', false, false, true, '', 10066);
INSERT INTO chart (id, accno, description, charttype, category, link, gifi_accno, contra, closed, allow_gl, symbol_link, parent_id) VALUES (10069, '2002', 'Verbindlichkeiten für Personalaufwand', 'A', 'L', '', '200', false, false, true, 'lohnzahlung', 10066);
INSERT INTO chart (id, accno, description, charttype, category, link, gifi_accno, contra, closed, allow_gl, symbol_link, parent_id) VALUES (10071, '2010', 'Verbindlichkeiten aus Lieferungen und Leistungen gegenüber Beteiligten und Organen', 'A', 'L', 'AP', '201', false, false, false, '', 10070);
INSERT INTO chart (id, accno, description, charttype, category, link, gifi_accno, contra, closed, allow_gl, symbol_link, parent_id) VALUES (10073, '2020', 'Verbindlichkeiten aus Lieferungen und Leistungen gegenüber Beteiligungen', 'A', 'L', 'AP', '202', false, false, false, '', 10072);
INSERT INTO chart (id, accno, description, charttype, category, link, gifi_accno, contra, closed, allow_gl, symbol_link, parent_id) VALUES (10075, '2030', 'Erhaltene Anzahlungen von Dritten', 'A', 'L', 'AR_amount:IC_income', '203', false, false, true, '', 10074);
INSERT INTO chart (id, accno, description, charttype, category, link, gifi_accno, contra, closed, allow_gl, symbol_link, parent_id) VALUES (10079, '2160', 'Kontokorrent Gesellschafter', 'A', 'L', 'AR_paid:AP_paid', '216', false, false, true, 'kontokorrent', 10078);
INSERT INTO chart (id, accno, description, charttype, category, link, gifi_accno, contra, closed, allow_gl, symbol_link, parent_id) VALUES (10081, '2200', 'Geschuldete MWST', 'A', 'L', 'AP_amount', '220', false, false, true, '', 10080);
INSERT INTO chart (id, accno, description, charttype, category, link, gifi_accno, contra, closed, allow_gl, symbol_link, parent_id) VALUES (10082, '2201', 'Abrechnungskto. MwSt.', 'A', 'L', 'AP_amount', '220', false, false, true, NULL, 10080);
INSERT INTO chart (id, accno, description, charttype, category, link, gifi_accno, contra, closed, allow_gl, symbol_link, parent_id) VALUES (10083, '22040', 'Bezugsteuer 7,7%', 'A', 'L', 'AP_tax', '220', false, false, true, '', 10080);
INSERT INTO chart (id, accno, description, charttype, category, link, gifi_accno, contra, closed, allow_gl, symbol_link, parent_id) VALUES (10084, '22041', 'Bezugsteuer 8.1%', 'A', 'L', 'AP_tax', '220', false, false, true, NULL, 10080);
INSERT INTO chart (id, accno, description, charttype, category, link, gifi_accno, contra, closed, allow_gl, symbol_link, parent_id) VALUES (10085, '22050', 'Befreite Leistungen, Exporte MWST 0% (Ziff. 220)', 'A', 'L', '', '220', false, false, true, '', 10080);
INSERT INTO chart (id, accno, description, charttype, category, link, gifi_accno, contra, closed, allow_gl, symbol_link, parent_id) VALUES (10086, '22051', 'Leistungen im Ausland MWST 0% (Ziff. 221)', 'A', 'L', '', '220', false, false, true, '', 10080);
INSERT INTO chart (id, accno, description, charttype, category, link, gifi_accno, contra, closed, allow_gl, symbol_link, parent_id) VALUES (10087, '22052', 'Nicht steuerbare Leistungen MWST 0% (Ziff. 230)', 'A', 'L', '', '220', false, false, true, '', 10080);
INSERT INTO chart (id, accno, description, charttype, category, link, gifi_accno, contra, closed, allow_gl, symbol_link, parent_id) VALUES (10088, '22053', 'Subventionen MWST 0% (Ziff. 900)', 'A', 'L', '', '220', false, false, true, '', 10080);
INSERT INTO chart (id, accno, description, charttype, category, link, gifi_accno, contra, closed, allow_gl, symbol_link, parent_id) VALUES (10089, '22054', 'Spenden, Dividenden, Schadenersatz MWST 0% (Ziff. 910)', 'A', 'L', 'AR_amount', '220', false, false, true, '', 10080);
INSERT INTO chart (id, accno, description, charttype, category, link, gifi_accno, contra, closed, allow_gl, symbol_link, parent_id) VALUES (10090, '22055', 'Nichtentgelt MWST 0%', 'A', 'L', '', '220', false, false, true, '', 10080);
INSERT INTO chart (id, accno, description, charttype, category, link, gifi_accno, contra, closed, allow_gl, symbol_link, parent_id) VALUES (10091, '2206', 'Verrechnungssteuer', 'A', 'L', 'AP_amount', '220', false, false, true, '', 10080);
INSERT INTO chart (id, accno, description, charttype, category, link, gifi_accno, contra, closed, allow_gl, symbol_link, parent_id) VALUES (10093, '2215', 'Kreditkarte', 'A', 'L', '', '221', false, false, true, 'kreditkarten', 10092);
INSERT INTO chart (id, accno, description, charttype, category, link, gifi_accno, contra, closed, allow_gl, symbol_link, parent_id) VALUES (10096, '2261', 'Beschlossene Ausschüttungen', 'A', 'L', '', '226', false, false, true, '', 10095);
INSERT INTO chart (id, accno, description, charttype, category, link, gifi_accno, contra, closed, allow_gl, symbol_link, parent_id) VALUES (10098, '2270', 'Kontokorrent Vorsorgeeinrichtung', 'A', 'L', 'AP_amount', '227', false, false, true, '', 10097);
INSERT INTO chart (id, accno, description, charttype, category, link, gifi_accno, contra, closed, allow_gl, symbol_link, parent_id) VALUES (10099, '2271', 'Kontokorrent AHV, IV, EO, ALV', 'A', 'L', 'AP_amount', '227', false, false, true, '', 10097);
INSERT INTO chart (id, accno, description, charttype, category, link, gifi_accno, contra, closed, allow_gl, symbol_link, parent_id) VALUES (10100, '2272', 'Kontokorrent FAK', 'A', 'L', 'AP_amount', '227', false, false, true, '', 10097);
INSERT INTO chart (id, accno, description, charttype, category, link, gifi_accno, contra, closed, allow_gl, symbol_link, parent_id) VALUES (10101, '2273', 'Kontokorrent Unfallversicherung', 'A', 'L', 'AP_amount', '227', false, false, true, '', 10097);
INSERT INTO chart (id, accno, description, charttype, category, link, gifi_accno, contra, closed, allow_gl, symbol_link, parent_id) VALUES (10102, '2274', 'Kontokorrent Krankentaggeldversicherung', 'A', 'L', 'AP_amount', '227', false, false, true, '', 10097);
INSERT INTO chart (id, accno, description, charttype, category, link, gifi_accno, contra, closed, allow_gl, symbol_link, parent_id) VALUES (10103, '2279', 'Kontokorrent Quellensteuer', 'A', 'L', 'AP_amount', '227', false, false, true, '', 10097);
INSERT INTO chart (id, accno, description, charttype, category, link, gifi_accno, contra, closed, allow_gl, symbol_link, parent_id) VALUES (10105, '2300', 'Noch nicht bezahlter Aufwand', 'A', 'L', '', '230', false, false, true, '', 10104);
INSERT INTO chart (id, accno, description, charttype, category, link, gifi_accno, contra, closed, allow_gl, symbol_link, parent_id) VALUES (10106, '2301', 'Im Voraus erhaltener Ertrag', 'A', 'L', '', '230', false, false, true, '', 10104);
INSERT INTO chart (id, accno, description, charttype, category, link, gifi_accno, contra, closed, allow_gl, symbol_link, parent_id) VALUES (10107, '2310', 'Passive Rechnungsabgrenzung', 'A', 'L', '', '230', false, false, true, 'passiverechnungsabgrenzung', 10104);
INSERT INTO chart (id, accno, description, charttype, category, link, gifi_accno, contra, closed, allow_gl, symbol_link, parent_id) VALUES (10108, '2330', 'Kurzfristige Rückstellungen', 'A', 'L', '', '230', false, false, true, '', 10104);
INSERT INTO chart (id, accno, description, charttype, category, link, gifi_accno, contra, closed, allow_gl, symbol_link, parent_id) VALUES (10109, '2340', 'Steuerrückstellungen', 'A', 'L', 'AP_amount', '230', false, false, true, '', 10104);
INSERT INTO chart (id, accno, description, charttype, category, link, gifi_accno, contra, closed, allow_gl, symbol_link, parent_id) VALUES (10112, '2400', 'Bankverbindlichkeiten langfristig', 'A', 'L', '', '240', false, false, true, '', 10111);
INSERT INTO chart (id, accno, description, charttype, category, link, gifi_accno, contra, closed, allow_gl, symbol_link, parent_id) VALUES (10120, '2600', 'Rückstellungen', 'A', 'L', '', '260', false, false, true, '', 10119);
INSERT INTO chart (id, accno, description, charttype, category, link, gifi_accno, contra, closed, allow_gl, symbol_link, parent_id) VALUES (10123, '2800', 'Grundkapital', 'A', 'Q', '', '280', false, false, true, '', 10122);
INSERT INTO chart (id, accno, description, charttype, category, link, gifi_accno, contra, closed, allow_gl, symbol_link, parent_id) VALUES (10124, '2950', 'Allgemeine gesetzliche Gewinnreserve', 'A', 'Q', '', '295', false, false, true, '', 10122);
INSERT INTO chart (id, accno, description, charttype, category, link, gifi_accno, contra, closed, allow_gl, symbol_link, parent_id) VALUES (10125, '2952', 'Reserve für eigene Aktien', 'A', 'Q', '', '295', false, false, true, '', 10122);
INSERT INTO chart (id, accno, description, charttype, category, link, gifi_accno, contra, closed, allow_gl, symbol_link, parent_id) VALUES (10127, '2900', 'Aufgeld (Agio) bei Gründung oder Kapitalerhöhung', 'A', 'Q', '', '290', false, false, true, '', 10126);
INSERT INTO chart (id, accno, description, charttype, category, link, gifi_accno, contra, closed, allow_gl, symbol_link, parent_id) VALUES (10128, '2901', 'Übrige Einlagen, Aufgelder und Zuschüsse', 'A', 'Q', '', '290', false, false, true, '', 10126);
INSERT INTO chart (id, accno, description, charttype, category, link, gifi_accno, contra, closed, allow_gl, symbol_link, parent_id) VALUES (10130, '2951', 'Aufwertungsreserve', 'A', 'Q', '', '295', false, false, true, '', 10129);
INSERT INTO chart (id, accno, description, charttype, category, link, gifi_accno, contra, closed, allow_gl, symbol_link, parent_id) VALUES (10132, '2960', 'Andere Reserven', 'A', 'Q', '', '296', false, false, true, '', 10131);
INSERT INTO chart (id, accno, description, charttype, category, link, gifi_accno, contra, closed, allow_gl, symbol_link, parent_id) VALUES (10133, '2961', 'Statutarische und beschlussmässige Gewinnreserven', 'A', 'Q', '', '296', false, false, true, '', 10131);
INSERT INTO chart (id, accno, description, charttype, category, link, gifi_accno, contra, closed, allow_gl, symbol_link, parent_id) VALUES (10135, '2970', 'Gewinnvortrag oder Verlustvortrag', 'A', 'Q', '', '297', false, false, true, '', 10134);
INSERT INTO chart (id, accno, description, charttype, category, link, gifi_accno, contra, closed, allow_gl, symbol_link, parent_id) VALUES (10136, '2979', 'Jahresgewinn oder Jahresverlust', 'A', 'Q', '', '297', false, false, true, '', 10134);
INSERT INTO chart (id, accno, description, charttype, category, link, gifi_accno, contra, closed, allow_gl, symbol_link, parent_id) VALUES (10138, '2980', 'Eigene Aktien', 'A', 'Q', '', '298', false, false, true, '', 10137);
INSERT INTO chart (id, accno, description, charttype, category, link, gifi_accno, contra, closed, allow_gl, symbol_link, parent_id) VALUES (10142, '3000', 'Produktionserlöse', 'A', 'I', 'AR_amount:IC_income', '300', false, false, true, '', 10141);
INSERT INTO chart (id, accno, description, charttype, category, link, gifi_accno, contra, closed, allow_gl, symbol_link, parent_id) VALUES (10144, '3200', 'Handelserlöse', 'A', 'I', 'AR_amount:IC_income', '320', false, false, true, '', 10143);
INSERT INTO chart (id, accno, description, charttype, category, link, gifi_accno, contra, closed, allow_gl, symbol_link, parent_id) VALUES (10146, '3400', 'Dienstleistungserlöse', 'A', 'I', 'AR_amount:IC_income', '340', false, false, true, '', 10145);
INSERT INTO chart (id, accno, description, charttype, category, link, gifi_accno, contra, closed, allow_gl, symbol_link, parent_id) VALUES (10147, '3497', 'MWST 3,7%', 'A', 'I', 'AR_tax:IC_taxpart:IC_taxservice', '340', false, false, true, '', 10145);
INSERT INTO chart (id, accno, description, charttype, category, link, gifi_accno, contra, closed, allow_gl, symbol_link, parent_id) VALUES (10148, '34971', 'MWST 3,8%', 'A', 'I', 'AR_tax:IC_taxpart:IC_taxservice', '340', false, false, true, NULL, 10145);
INSERT INTO chart (id, accno, description, charttype, category, link, gifi_accno, contra, closed, allow_gl, symbol_link, parent_id) VALUES (10149, '3498', 'MWST 2,5%', 'A', 'I', 'AR_tax:IC_taxpart:IC_taxservice', '340', false, false, true, '', 10145);
INSERT INTO chart (id, accno, description, charttype, category, link, gifi_accno, contra, closed, allow_gl, symbol_link, parent_id) VALUES (10150, '34981', 'MWST 2,6%', 'A', 'I', 'AR_tax:IC_taxpart:IC_taxservice', '340', false, false, true, NULL, 10145);
INSERT INTO chart (id, accno, description, charttype, category, link, gifi_accno, contra, closed, allow_gl, symbol_link, parent_id) VALUES (10151, '3499', 'MWST 7,7%', 'A', 'I', 'AR_tax:IC_taxpart:IC_taxservice', '340', false, false, true, '', 10145);
INSERT INTO chart (id, accno, description, charttype, category, link, gifi_accno, contra, closed, allow_gl, symbol_link, parent_id) VALUES (10152, '34991', 'MWST 8.1%', 'A', 'I', 'AR_tax:IC_taxpart:IC_taxservice', '340', false, false, true, NULL, 10145);
INSERT INTO chart (id, accno, description, charttype, category, link, gifi_accno, contra, closed, allow_gl, symbol_link, parent_id) VALUES (10154, '3500', 'Skonti LuL', 'A', 'I', 'AR_paid', '350', false, false, true, '', 10153);
INSERT INTO chart (id, accno, description, charttype, category, link, gifi_accno, contra, closed, allow_gl, symbol_link, parent_id) VALUES (10156, '3600', 'Nebenerlöse aus Schulungen und Workshops', 'A', 'I', 'AR_amount:IC_income', '360', false, false, true, '', 10155);
INSERT INTO chart (id, accno, description, charttype, category, link, gifi_accno, contra, closed, allow_gl, symbol_link, parent_id) VALUES (10157, '3620', 'Erlöse Untermiete', 'A', 'I', 'AR_amount:IC_income', '360', false, false, true, NULL, 10155);
INSERT INTO chart (id, accno, description, charttype, category, link, gifi_accno, contra, closed, allow_gl, symbol_link, parent_id) VALUES (10158, '3680', 'Sonstige Erlöse', 'A', 'I', 'AR_amount:IC_income', '360', false, false, true, '', 10155);
INSERT INTO chart (id, accno, description, charttype, category, link, gifi_accno, contra, closed, allow_gl, symbol_link, parent_id) VALUES (10247, '6531', 'Unternehmensberatung', 'A', 'E', 'AP_amount', '650', false, false, true, '', 10239);
INSERT INTO chart (id, accno, description, charttype, category, link, gifi_accno, contra, closed, allow_gl, symbol_link, parent_id) VALUES (10159, '3689', 'Nicht kontiert', 'A', 'I', 'AR_amount', '360', false, false, true, 'nichtkontierterertrag', 10155);
INSERT INTO chart (id, accno, description, charttype, category, link, gifi_accno, contra, closed, allow_gl, symbol_link, parent_id) VALUES (10160, '3699', 'Systemkonto', 'A', 'I', 'AR_amount:IC_sale:IC_income', '360', false, false, true, '', 10155);
INSERT INTO chart (id, accno, description, charttype, category, link, gifi_accno, contra, closed, allow_gl, symbol_link, parent_id) VALUES (10162, '3700', 'Eigenleistungen', 'A', 'I', '', '370', false, false, true, '', 10161);
INSERT INTO chart (id, accno, description, charttype, category, link, gifi_accno, contra, closed, allow_gl, symbol_link, parent_id) VALUES (10163, '3710', 'Eigenverbrauch', 'A', 'I', '', '370', false, false, true, '', 10161);
INSERT INTO chart (id, accno, description, charttype, category, link, gifi_accno, contra, closed, allow_gl, symbol_link, parent_id) VALUES (10165, '3800', 'Skonti', 'A', 'I', 'AR_paid', '380', false, false, true, 'debitorskonto', 10164);
INSERT INTO chart (id, accno, description, charttype, category, link, gifi_accno, contra, closed, allow_gl, symbol_link, parent_id) VALUES (10166, '3801', 'Rabatte und Preisnachlässe', 'A', 'I', 'AR_paid', '380', false, false, true, 'debitordifferenz', 10164);
INSERT INTO chart (id, accno, description, charttype, category, link, gifi_accno, contra, closed, allow_gl, symbol_link, parent_id) VALUES (10167, '3802', 'MWST Saldosteuer', 'A', 'I', 'AP_amount', '380', false, false, true, '', 10164);
INSERT INTO chart (id, accno, description, charttype, category, link, gifi_accno, contra, closed, allow_gl, symbol_link, parent_id) VALUES (10168, '3804', 'Inkassospesen', 'A', 'I', '', '380', false, false, true, '', 10164);
INSERT INTO chart (id, accno, description, charttype, category, link, gifi_accno, contra, closed, allow_gl, symbol_link, parent_id) VALUES (10169, '3805', 'Verluste Forderungen, Veränderung Wertberichtigungen', 'A', 'I', 'AR_amount:IC_income', '380', false, false, true, '', 10164);
INSERT INTO chart (id, accno, description, charttype, category, link, gifi_accno, contra, closed, allow_gl, symbol_link, parent_id) VALUES (10171, '3900', 'Bestandesänderungen unfertige Erzeugnisse', 'A', 'I', '', '390', false, false, true, '', 10170);
INSERT INTO chart (id, accno, description, charttype, category, link, gifi_accno, contra, closed, allow_gl, symbol_link, parent_id) VALUES (10172, '3901', 'Bestandesänderungen fertige Erzeugnisse', 'A', 'I', '', '390', false, false, true, '', 10170);
INSERT INTO chart (id, accno, description, charttype, category, link, gifi_accno, contra, closed, allow_gl, symbol_link, parent_id) VALUES (10173, '3904', 'Bestandesänderungen nicht fakturierte Dienstleistungen', 'A', 'I', '', '390', false, false, true, '', 10170);
INSERT INTO chart (id, accno, description, charttype, category, link, gifi_accno, contra, closed, allow_gl, symbol_link, parent_id) VALUES (10176, '4000', 'Materialeinkauf', 'A', 'E', 'AP_amount', '400', false, false, true, '', 10175);
INSERT INTO chart (id, accno, description, charttype, category, link, gifi_accno, contra, closed, allow_gl, symbol_link, parent_id) VALUES (10178, '4200', 'Einkauf Handelsware', 'A', 'E', 'AP_amount', '420', false, false, true, '', 10177);
INSERT INTO chart (id, accno, description, charttype, category, link, gifi_accno, contra, closed, allow_gl, symbol_link, parent_id) VALUES (10180, '4400', 'Einkauf Drittleistung', 'A', 'E', 'AP_amount', '440', false, false, true, '', 10179);
INSERT INTO chart (id, accno, description, charttype, category, link, gifi_accno, contra, closed, allow_gl, symbol_link, parent_id) VALUES (10185, '4800', 'Bestandesänderungen Handelswaren', 'A', 'E', '', '480', false, false, true, '', 10184);
INSERT INTO chart (id, accno, description, charttype, category, link, gifi_accno, contra, closed, allow_gl, symbol_link, parent_id) VALUES (10186, '4880', 'Materialverluste', 'A', 'E', '', '480', false, false, true, '', 10184);
INSERT INTO chart (id, accno, description, charttype, category, link, gifi_accno, contra, closed, allow_gl, symbol_link, parent_id) VALUES (10188, '4999', 'Systemkonto', 'A', 'E', 'AP_amount:IC_expense:IC_cogs', '490', false, false, true, '', 10187);
INSERT INTO chart (id, accno, description, charttype, category, link, gifi_accno, contra, closed, allow_gl, symbol_link, parent_id) VALUES (10191, '5400', 'Löhne', 'A', 'E', '', '540', false, false, true, '', 10190);
INSERT INTO chart (id, accno, description, charttype, category, link, gifi_accno, contra, closed, allow_gl, symbol_link, parent_id) VALUES (10192, '5401', 'Zulagen', 'A', 'E', '', '540', false, false, true, '', 10190);
INSERT INTO chart (id, accno, description, charttype, category, link, gifi_accno, contra, closed, allow_gl, symbol_link, parent_id) VALUES (10193, '5402', 'Erfolgsbeteiligungen', 'A', 'E', '', '540', false, false, true, '', 10190);
INSERT INTO chart (id, accno, description, charttype, category, link, gifi_accno, contra, closed, allow_gl, symbol_link, parent_id) VALUES (10194, '5403', 'Provisionen', 'A', 'E', '', '540', false, false, true, '', 10190);
INSERT INTO chart (id, accno, description, charttype, category, link, gifi_accno, contra, closed, allow_gl, symbol_link, parent_id) VALUES (10195, '5405', 'Leistungen von Sozialversicherungen', 'A', 'E', 'AP_amount', '540', false, false, true, '', 10190);
INSERT INTO chart (id, accno, description, charttype, category, link, gifi_accno, contra, closed, allow_gl, symbol_link, parent_id) VALUES (10197, '5700', 'AHV, IV, EO, ALV', 'A', 'E', 'AP_amount', '570', false, false, true, '', 10196);
INSERT INTO chart (id, accno, description, charttype, category, link, gifi_accno, contra, closed, allow_gl, symbol_link, parent_id) VALUES (10198, '5710', 'FAK', 'A', 'E', 'AP_amount', '570', false, false, true, '', 10196);
INSERT INTO chart (id, accno, description, charttype, category, link, gifi_accno, contra, closed, allow_gl, symbol_link, parent_id) VALUES (10199, '5720', 'Vorsorgeeinrichtungen', 'A', 'E', 'AP_amount', '570', false, false, true, '', 10196);
INSERT INTO chart (id, accno, description, charttype, category, link, gifi_accno, contra, closed, allow_gl, symbol_link, parent_id) VALUES (10200, '5730', 'Unfallversicherung', 'A', 'E', 'AP_amount', '570', false, false, true, '', 10196);
INSERT INTO chart (id, accno, description, charttype, category, link, gifi_accno, contra, closed, allow_gl, symbol_link, parent_id) VALUES (10201, '5740', 'Krankentaggeldversicherung', 'A', 'E', 'AP_amount', '570', false, false, true, '', 10196);
INSERT INTO chart (id, accno, description, charttype, category, link, gifi_accno, contra, closed, allow_gl, symbol_link, parent_id) VALUES (10202, '5790', 'Quellensteuer', 'A', 'E', 'AP_amount', '570', false, false, true, '', 10196);
INSERT INTO chart (id, accno, description, charttype, category, link, gifi_accno, contra, closed, allow_gl, symbol_link, parent_id) VALUES (10204, '5800', 'Personalinserate', 'A', 'E', 'AP_amount', '580', false, false, true, '', 10203);
INSERT INTO chart (id, accno, description, charttype, category, link, gifi_accno, contra, closed, allow_gl, symbol_link, parent_id) VALUES (10205, '5810', 'Aus- und Weiterbildung', 'A', 'E', 'AP_amount', '580', false, false, true, '', 10203);
INSERT INTO chart (id, accno, description, charttype, category, link, gifi_accno, contra, closed, allow_gl, symbol_link, parent_id) VALUES (10206, '5820', 'Spesenentschädigung effektiv', 'A', 'E', 'AP_amount', '580', false, false, true, '', 10203);
INSERT INTO chart (id, accno, description, charttype, category, link, gifi_accno, contra, closed, allow_gl, symbol_link, parent_id) VALUES (10207, '5830', 'Spesenentschädigung pauschal', 'A', 'E', 'AP_amount', '580', false, false, true, '', 10203);
INSERT INTO chart (id, accno, description, charttype, category, link, gifi_accno, contra, closed, allow_gl, symbol_link, parent_id) VALUES (10208, '5840', 'Personalkantine', 'A', 'E', 'AP_amount', '580', false, false, true, '', 10203);
INSERT INTO chart (id, accno, description, charttype, category, link, gifi_accno, contra, closed, allow_gl, symbol_link, parent_id) VALUES (10209, '5880', 'Sonstiger Personalaufwand', 'A', 'E', 'AP_amount', '580', false, false, true, '', 10203);
INSERT INTO chart (id, accno, description, charttype, category, link, gifi_accno, contra, closed, allow_gl, symbol_link, parent_id) VALUES (10210, '5890', 'Privatanteile Personalaufwand', 'A', 'E', '', '580', false, false, true, '', 10203);
INSERT INTO chart (id, accno, description, charttype, category, link, gifi_accno, contra, closed, allow_gl, symbol_link, parent_id) VALUES (10212, '5900', 'Leistungen Dritter', 'A', 'E', 'AP_amount', '590', false, false, true, '', 10211);
INSERT INTO chart (id, accno, description, charttype, category, link, gifi_accno, contra, closed, allow_gl, symbol_link, parent_id) VALUES (10216, '6000', 'Mietzins', 'A', 'E', 'AP_amount', '600', false, false, true, 'miete', 10215);
INSERT INTO chart (id, accno, description, charttype, category, link, gifi_accno, contra, closed, allow_gl, symbol_link, parent_id) VALUES (10217, '6001', 'Parkplatz-Miete', 'A', 'E', 'AP_amount', '600', false, false, true, NULL, 10215);
INSERT INTO chart (id, accno, description, charttype, category, link, gifi_accno, contra, closed, allow_gl, symbol_link, parent_id) VALUES (10218, '6030', 'Nebenkosten', 'A', 'E', 'AP_amount', '600', false, false, true, '', 10215);
INSERT INTO chart (id, accno, description, charttype, category, link, gifi_accno, contra, closed, allow_gl, symbol_link, parent_id) VALUES (10219, '6040', 'Reinigung', 'A', 'E', 'AP_amount', '600', false, false, true, '', 10215);
INSERT INTO chart (id, accno, description, charttype, category, link, gifi_accno, contra, closed, allow_gl, symbol_link, parent_id) VALUES (10220, '6090', 'Privatanteile Raumaufwand', 'A', 'E', '', '600', false, false, true, '', 10215);
INSERT INTO chart (id, accno, description, charttype, category, link, gifi_accno, contra, closed, allow_gl, symbol_link, parent_id) VALUES (10222, '6130', 'URE Büromobiliar', 'A', 'E', 'AP_amount', '610', false, false, true, '', 10221);
INSERT INTO chart (id, accno, description, charttype, category, link, gifi_accno, contra, closed, allow_gl, symbol_link, parent_id) VALUES (10223, '6160', 'Leasing mobile Sachanlagen', 'A', 'E', 'AP_amount', '610', false, false, true, '', 10221);
INSERT INTO chart (id, accno, description, charttype, category, link, gifi_accno, contra, closed, allow_gl, symbol_link, parent_id) VALUES (10225, '6200', 'Reparaturen, Service, Reinigung Fahrzeuge', 'A', 'E', 'AP_amount', '620', false, false, true, '', 10224);
INSERT INTO chart (id, accno, description, charttype, category, link, gifi_accno, contra, closed, allow_gl, symbol_link, parent_id) VALUES (10226, '6210', 'Betriebsstoffe Fahrzeuge', 'A', 'E', 'AP_amount', '620', false, false, true, '', 10224);
INSERT INTO chart (id, accno, description, charttype, category, link, gifi_accno, contra, closed, allow_gl, symbol_link, parent_id) VALUES (10227, '6220', 'Versicherungen Fahrzeuge', 'A', 'E', 'AP_amount', '620', false, false, true, '', 10224);
INSERT INTO chart (id, accno, description, charttype, category, link, gifi_accno, contra, closed, allow_gl, symbol_link, parent_id) VALUES (10228, '6230', 'Verkehrsabgaben, Beiträge, Gebühren', 'A', 'E', 'AP_amount', '620', false, false, true, '', 10224);
INSERT INTO chart (id, accno, description, charttype, category, link, gifi_accno, contra, closed, allow_gl, symbol_link, parent_id) VALUES (10229, '6260', 'Fahrzeugleasing, Fahrzeugmieten', 'A', 'E', 'AP_amount', '620', false, false, true, '', 10224);
INSERT INTO chart (id, accno, description, charttype, category, link, gifi_accno, contra, closed, allow_gl, symbol_link, parent_id) VALUES (10230, '6270', 'Privatanteil Fahrzeugaufwand', 'A', 'E', 'AR_amount', '620', false, false, true, '', 10224);
INSERT INTO chart (id, accno, description, charttype, category, link, gifi_accno, contra, closed, allow_gl, symbol_link, parent_id) VALUES (10231, '6280', 'Transportaufwand', 'A', 'E', 'AP_amount', '620', false, false, true, '', 10224);
INSERT INTO chart (id, accno, description, charttype, category, link, gifi_accno, contra, closed, allow_gl, symbol_link, parent_id) VALUES (10233, '6300', 'Sachversicherungen', 'A', 'E', 'AP_amount', '630', false, false, true, '', 10232);
INSERT INTO chart (id, accno, description, charttype, category, link, gifi_accno, contra, closed, allow_gl, symbol_link, parent_id) VALUES (10234, '6360', 'Abgaben und Gebühren', 'A', 'E', 'AP_amount', '630', false, false, true, '', 10232);
INSERT INTO chart (id, accno, description, charttype, category, link, gifi_accno, contra, closed, allow_gl, symbol_link, parent_id) VALUES (10235, '6370', 'Bewilligungen', 'A', 'E', 'AP_amount', '630', false, false, true, '', 10232);
INSERT INTO chart (id, accno, description, charttype, category, link, gifi_accno, contra, closed, allow_gl, symbol_link, parent_id) VALUES (10237, '6400', 'Elektrizität', 'A', 'E', 'AP_amount', '640', false, false, true, '', 10236);
INSERT INTO chart (id, accno, description, charttype, category, link, gifi_accno, contra, closed, allow_gl, symbol_link, parent_id) VALUES (10238, '6460', 'Entsorgungsaufwand', 'A', 'E', 'AP_amount', '640', false, false, true, '', 10236);
INSERT INTO chart (id, accno, description, charttype, category, link, gifi_accno, contra, closed, allow_gl, symbol_link, parent_id) VALUES (10240, '6500', 'Büromaterial', 'A', 'E', 'AP_amount', '650', false, false, true, '', 10239);
INSERT INTO chart (id, accno, description, charttype, category, link, gifi_accno, contra, closed, allow_gl, symbol_link, parent_id) VALUES (10241, '6501', 'Drucksachen', 'A', 'E', 'AP_amount', '650', false, false, true, '', 10239);
INSERT INTO chart (id, accno, description, charttype, category, link, gifi_accno, contra, closed, allow_gl, symbol_link, parent_id) VALUES (10242, '6503', 'Fachliteratur', 'A', 'E', 'AP_amount', '650', false, false, true, '', 10239);
INSERT INTO chart (id, accno, description, charttype, category, link, gifi_accno, contra, closed, allow_gl, symbol_link, parent_id) VALUES (10243, '6510', 'Telekommunikation', 'A', 'E', 'AP_amount', '650', false, false, true, '', 10239);
INSERT INTO chart (id, accno, description, charttype, category, link, gifi_accno, contra, closed, allow_gl, symbol_link, parent_id) VALUES (10244, '6513', 'Porti', 'A', 'E', 'AP_amount', '650', false, false, true, '', 10239);
INSERT INTO chart (id, accno, description, charttype, category, link, gifi_accno, contra, closed, allow_gl, symbol_link, parent_id) VALUES (10245, '6520', 'Beiträge, Spenden, Vergabungen, Trinkgelder', 'A', 'E', 'AP_amount', '650', false, false, true, '', 10239);
INSERT INTO chart (id, accno, description, charttype, category, link, gifi_accno, contra, closed, allow_gl, symbol_link, parent_id) VALUES (10246, '6530', 'Buchführung', 'A', 'E', 'AP_amount', '650', false, false, true, '', 10239);
INSERT INTO chart (id, accno, description, charttype, category, link, gifi_accno, contra, closed, allow_gl, symbol_link, parent_id) VALUES (10248, '6532', 'Rechtsberatung', 'A', 'E', 'AP_amount', '650', false, false, true, '', 10239);
INSERT INTO chart (id, accno, description, charttype, category, link, gifi_accno, contra, closed, allow_gl, symbol_link, parent_id) VALUES (10249, '6540', 'Verwaltungsrat, Generalversammlung', 'A', 'E', 'AP_amount', '650', false, false, true, '', 10239);
INSERT INTO chart (id, accno, description, charttype, category, link, gifi_accno, contra, closed, allow_gl, symbol_link, parent_id) VALUES (10250, '6542', 'Revisionsstelle', 'A', 'E', 'AP_amount', '650', false, false, true, '', 10239);
INSERT INTO chart (id, accno, description, charttype, category, link, gifi_accno, contra, closed, allow_gl, symbol_link, parent_id) VALUES (10251, '6550', 'Gründungs-, Kapitalerhöhungs- und Organisationsaufwand', 'A', 'E', 'AP_amount', '650', false, false, true, '', 10239);
INSERT INTO chart (id, accno, description, charttype, category, link, gifi_accno, contra, closed, allow_gl, symbol_link, parent_id) VALUES (10252, '6551', 'Inkasso- und Betreibungsaufwand', 'A', 'E', 'AP_amount', '650', false, false, true, '', 10239);
INSERT INTO chart (id, accno, description, charttype, category, link, gifi_accno, contra, closed, allow_gl, symbol_link, parent_id) VALUES (10253, '6558', 'Steuerlich nicht abzugsfähiger Verwaltungsaufwand', 'A', 'E', 'AP_amount', '650', false, false, true, NULL, 10239);
INSERT INTO chart (id, accno, description, charttype, category, link, gifi_accno, contra, closed, allow_gl, symbol_link, parent_id) VALUES (10255, '6570', 'Leasing Hardware und Software', 'A', 'E', 'AP_amount', '657', false, false, true, '', 10254);
INSERT INTO chart (id, accno, description, charttype, category, link, gifi_accno, contra, closed, allow_gl, symbol_link, parent_id) VALUES (10256, '6580', 'Lizenzen, Updates', 'A', 'E', 'AP_amount', '657', false, false, true, '', 10254);
INSERT INTO chart (id, accno, description, charttype, category, link, gifi_accno, contra, closed, allow_gl, symbol_link, parent_id) VALUES (10257, '6581', 'Hosting und Wartung', 'A', 'E', 'AP_amount', '657', false, false, true, '', 10254);
INSERT INTO chart (id, accno, description, charttype, category, link, gifi_accno, contra, closed, allow_gl, symbol_link, parent_id) VALUES (10258, '6583', 'Verbrauchsmaterial IT', 'A', 'E', 'AP_amount', '657', false, false, true, '', 10254);
INSERT INTO chart (id, accno, description, charttype, category, link, gifi_accno, contra, closed, allow_gl, symbol_link, parent_id) VALUES (10259, '6590', 'Beratung und Entwicklung IT', 'A', 'E', 'AP_amount', '657', false, false, true, '', 10254);
INSERT INTO chart (id, accno, description, charttype, category, link, gifi_accno, contra, closed, allow_gl, symbol_link, parent_id) VALUES (10261, '6600', 'Werbeinserate', 'A', 'E', 'AP_amount', '660', false, false, true, '', 10260);
INSERT INTO chart (id, accno, description, charttype, category, link, gifi_accno, contra, closed, allow_gl, symbol_link, parent_id) VALUES (10262, '6610', 'Werbedrucksachen, Werbematerial, Muster', 'A', 'E', 'AP_amount', '660', false, false, true, '', 10260);
INSERT INTO chart (id, accno, description, charttype, category, link, gifi_accno, contra, closed, allow_gl, symbol_link, parent_id) VALUES (10263, '6620', 'Fachmessen, Ausstellungen, Dekoration', 'A', 'E', 'AP_amount', '660', false, false, true, '', 10260);
INSERT INTO chart (id, accno, description, charttype, category, link, gifi_accno, contra, closed, allow_gl, symbol_link, parent_id) VALUES (10264, '6640', 'Reisespesen', 'A', 'E', 'AP_amount', '660', false, false, true, '', 10260);
INSERT INTO chart (id, accno, description, charttype, category, link, gifi_accno, contra, closed, allow_gl, symbol_link, parent_id) VALUES (10265, '6641', 'Kundenbetreuung', 'A', 'E', 'AP_amount', '660', false, false, true, '', 10260);
INSERT INTO chart (id, accno, description, charttype, category, link, gifi_accno, contra, closed, allow_gl, symbol_link, parent_id) VALUES (10266, '6660', 'Sponsoring', 'A', 'E', 'AP_amount', '660', false, false, true, '', 10260);
INSERT INTO chart (id, accno, description, charttype, category, link, gifi_accno, contra, closed, allow_gl, symbol_link, parent_id) VALUES (10267, '6670', 'Öffentlichkeitsarbeit, Public Relations', 'A', 'E', 'AP_amount', '660', false, false, true, '', 10260);
INSERT INTO chart (id, accno, description, charttype, category, link, gifi_accno, contra, closed, allow_gl, symbol_link, parent_id) VALUES (10268, '6680', 'Werbeberatung, Marktanalysen', 'A', 'E', 'AP_amount', '660', false, false, true, '', 10260);
INSERT INTO chart (id, accno, description, charttype, category, link, gifi_accno, contra, closed, allow_gl, symbol_link, parent_id) VALUES (10270, '6700', 'Sonstiger betrieblicher Aufwand', 'A', 'E', 'AP_amount', '670', false, false, true, '', 10269);
INSERT INTO chart (id, accno, description, charttype, category, link, gifi_accno, contra, closed, allow_gl, symbol_link, parent_id) VALUES (10271, '6730', 'Bezugssteuer', 'A', 'A', 'AP_tax', '670', false, false, true, '', 10269);
INSERT INTO chart (id, accno, description, charttype, category, link, gifi_accno, contra, closed, allow_gl, symbol_link, parent_id) VALUES (10272, '67300', 'Bezugssteuer 7,7%', 'A', 'E', 'AP_tax', '670', false, false, true, '', 10269);
INSERT INTO chart (id, accno, description, charttype, category, link, gifi_accno, contra, closed, allow_gl, symbol_link, parent_id) VALUES (10273, '67301', 'Bezugssteuer 8,1%', 'A', 'E', 'AP_tax', '670', false, false, true, NULL, 10269);
INSERT INTO chart (id, accno, description, charttype, category, link, gifi_accno, contra, closed, allow_gl, symbol_link, parent_id) VALUES (10274, '6731', 'Bezugsteuer', 'A', 'E', 'AP_amount', '670', false, false, true, '', 10269);
INSERT INTO chart (id, accno, description, charttype, category, link, gifi_accno, contra, closed, allow_gl, symbol_link, parent_id) VALUES (10275, '6732', 'Vorsteuerkorrektur', 'A', 'E', 'AP_amount', '670', false, false, true, '', 10269);
INSERT INTO chart (id, accno, description, charttype, category, link, gifi_accno, contra, closed, allow_gl, symbol_link, parent_id) VALUES (10276, '6733', 'Vorsteuerkürzung', 'A', 'E', 'AP_amount', '670', false, false, true, '', 10269);
INSERT INTO chart (id, accno, description, charttype, category, link, gifi_accno, contra, closed, allow_gl, symbol_link, parent_id) VALUES (10277, '6799', 'Nicht kontiert', 'A', 'E', 'AP_amount', '670', false, false, true, 'nichtkontierteraufwand', 10269);
INSERT INTO chart (id, accno, description, charttype, category, link, gifi_accno, contra, closed, allow_gl, symbol_link, parent_id) VALUES (10279, '6800', 'Wertberichtigungen', 'A', 'E', '', '680', false, false, true, '', 10278);
INSERT INTO chart (id, accno, description, charttype, category, link, gifi_accno, contra, closed, allow_gl, symbol_link, parent_id) VALUES (10280, '6820', 'Abschreibungen', 'A', 'E', '', '680', false, false, true, '', 10278);
INSERT INTO chart (id, accno, description, charttype, category, link, gifi_accno, contra, closed, allow_gl, symbol_link, parent_id) VALUES (10283, '6900', 'Zinsaufwand gegenüber Dritten', 'A', 'E', 'AP_amount', '690', false, false, true, 'schuldzins', 10282);
INSERT INTO chart (id, accno, description, charttype, category, link, gifi_accno, contra, closed, allow_gl, symbol_link, parent_id) VALUES (10284, '6920', 'Zinsaufwand gegenüber Beteiligten und Organen', 'A', 'E', 'AP_amount', '690', false, false, true, '', 10282);
INSERT INTO chart (id, accno, description, charttype, category, link, gifi_accno, contra, closed, allow_gl, symbol_link, parent_id) VALUES (10285, '6930', 'Zinsaufwand gegenüber Vorsorgeeinrichtungen', 'A', 'E', 'AP_amount', '690', false, false, true, '', 10282);
INSERT INTO chart (id, accno, description, charttype, category, link, gifi_accno, contra, closed, allow_gl, symbol_link, parent_id) VALUES (10286, '6940', 'Bankspesen', 'A', 'E', 'AR_paid:AP_paid', '690', false, false, true, 'drittspesen', 10282);
INSERT INTO chart (id, accno, description, charttype, category, link, gifi_accno, contra, closed, allow_gl, symbol_link, parent_id) VALUES (10287, '6942', 'Kursverluste', 'A', 'E', '', '690', false, false, true, '', 10282);
INSERT INTO chart (id, accno, description, charttype, category, link, gifi_accno, contra, closed, allow_gl, symbol_link, parent_id) VALUES (10288, '6943', 'Kreditkartengebühr', 'A', 'E', 'AP_amount', '690', false, false, true, '', 10282);
INSERT INTO chart (id, accno, description, charttype, category, link, gifi_accno, contra, closed, allow_gl, symbol_link, parent_id) VALUES (10289, '6944', 'Bankspesen Zahlungsverkehr, Rundungsdifferenzen', 'A', 'E', 'AP_paid', '690', false, false, true, 'kreditordifferenz', 10282);
INSERT INTO chart (id, accno, description, charttype, category, link, gifi_accno, contra, closed, allow_gl, symbol_link, parent_id) VALUES (10291, '6950', 'Erträge aus flüssigen Mitteln und Wertschriften', 'A', 'E', '', '690', false, false, true, 'guthabenzins', 10290);
INSERT INTO chart (id, accno, description, charttype, category, link, gifi_accno, contra, closed, allow_gl, symbol_link, parent_id) VALUES (10292, '6952', 'Kursgewinne', 'A', 'E', '', '690', false, false, true, '', 10290);
INSERT INTO chart (id, accno, description, charttype, category, link, gifi_accno, contra, closed, allow_gl, symbol_link, parent_id) VALUES (10295, '7000', 'Ertrag aus Nebenbetrieb', 'A', 'E', '', '700', false, false, true, '', 10294);
INSERT INTO chart (id, accno, description, charttype, category, link, gifi_accno, contra, closed, allow_gl, symbol_link, parent_id) VALUES (10297, '7010', 'Aufwand aus Nebenbetrieb', 'A', 'E', '', '701', false, false, true, '', 10296);
INSERT INTO chart (id, accno, description, charttype, category, link, gifi_accno, contra, closed, allow_gl, symbol_link, parent_id) VALUES (10301, '8000', 'Betriebsfremder Aufwand', 'A', 'E', '', '800', false, false, true, '', 10300);
INSERT INTO chart (id, accno, description, charttype, category, link, gifi_accno, contra, closed, allow_gl, symbol_link, parent_id) VALUES (10303, '8100', 'Betriebsfremder Ertrag', 'A', 'E', '', '810', false, false, true, '', 10302);
INSERT INTO chart (id, accno, description, charttype, category, link, gifi_accno, contra, closed, allow_gl, symbol_link, parent_id) VALUES (10305, '8500', 'Ausserordentlicher Aufwand', 'A', 'E', 'AP_amount', '850', false, false, true, '', 10304);
INSERT INTO chart (id, accno, description, charttype, category, link, gifi_accno, contra, closed, allow_gl, symbol_link, parent_id) VALUES (10307, '8510', 'Ausserordentlicher Ertrag', 'A', 'E', 'AR_amount:AP_amount', '851', false, false, true, '', 10306);
INSERT INTO chart (id, accno, description, charttype, category, link, gifi_accno, contra, closed, allow_gl, symbol_link, parent_id) VALUES (10309, '8600', 'Einmaliger Aufwand', 'A', 'E', '', '860', false, false, true, '', 10308);
INSERT INTO chart (id, accno, description, charttype, category, link, gifi_accno, contra, closed, allow_gl, symbol_link, parent_id) VALUES (10311, '8610', 'Einmaliger Ertrag', 'A', 'E', '', '861', false, false, true, '', 10310);
INSERT INTO chart (id, accno, description, charttype, category, link, gifi_accno, contra, closed, allow_gl, symbol_link, parent_id) VALUES (10313, '8700', 'Periodenfremder Aufwand', 'A', 'E', '', '870', false, false, true, '', 10312);
INSERT INTO chart (id, accno, description, charttype, category, link, gifi_accno, contra, closed, allow_gl, symbol_link, parent_id) VALUES (10315, '8710', 'Periodenfremder Ertrag', 'A', 'E', '', '871', false, false, true, '', 10314);
INSERT INTO chart (id, accno, description, charttype, category, link, gifi_accno, contra, closed, allow_gl, symbol_link, parent_id) VALUES (10317, '8900', 'Kantons- und Gemeindesteuern', 'A', 'E', 'AP_amount', '890', false, false, true, '', 10316);
INSERT INTO chart (id, accno, description, charttype, category, link, gifi_accno, contra, closed, allow_gl, symbol_link, parent_id) VALUES (10318, '8901', 'Direkte Bundessteuern', 'A', 'E', 'AP_amount', '890', false, false, true, '', 10316);

DELETE FROM defaults;
INSERT INTO defaults (fldname, fldvalue) VALUES ('version', '3.2.4');
INSERT INTO defaults (fldname, fldvalue) VALUES ('inventory_accno_id', '10031');
INSERT INTO defaults (fldname, fldvalue) VALUES ('income_accno_id', '10146');
INSERT INTO defaults (fldname, fldvalue) VALUES ('expense_accno_id', NULL);
INSERT INTO defaults (fldname, fldvalue) VALUES ('fxgainloss_accno_id', NULL);
INSERT INTO defaults (fldname, fldvalue) VALUES ('cashovershort_accno_id', NULL);
INSERT INTO defaults (fldname, fldvalue) VALUES ('precision', '2');
INSERT INTO defaults (fldname, fldvalue) VALUES ('weightunit', 'kg');
INSERT INTO defaults (fldname, fldvalue) VALUES ('audittrail', '1');
INSERT INTO defaults (fldname, fldvalue) VALUES ('cdt', '1');
INSERT INTO defaults (fldname, fldvalue) VALUES ('linetax', '1');
INSERT INTO defaults (fldname, fldvalue) VALUES ('sonumber', 'AB-0');
INSERT INTO defaults (fldname, fldvalue) VALUES ('vinumber', 'EB-0');
INSERT INTO defaults (fldname, fldvalue) VALUES ('batchnumber', 'V-0');
INSERT INTO defaults (fldname, fldvalue) VALUES ('vouchernumber', 'B-0');
INSERT INTO defaults (fldname, fldvalue) VALUES ('ponumber', 'E-0');
INSERT INTO defaults (fldname, fldvalue) VALUES ('sqnumber', 'O-0');
INSERT INTO defaults (fldname, fldvalue) VALUES ('rfqnumber', 'EO-0');
INSERT INTO defaults (fldname, fldvalue) VALUES ('projectnumber', 'P-0');
INSERT INTO defaults (fldname, fldvalue) VALUES ('employeenumber', 'MA-0');
INSERT INTO defaults (fldname, fldvalue) VALUES ('vendornumber', 'L-0');
INSERT INTO defaults (fldname, fldvalue) VALUES ('partnumber', 'ART-4');
INSERT INTO defaults (fldname, fldvalue) VALUES ('customernumber', 'KD-10');
INSERT INTO defaults (fldname, fldvalue) VALUES ('sinumber', 'R-1012');
INSERT INTO defaults (fldname, fldvalue) VALUES ('glnumber', 'X-1');

DELETE FROM gifi;
INSERT INTO gifi (accno, description) VALUES ('1', 'AKTIVEN');
INSERT INTO gifi (accno, description) VALUES ('2', 'PASSIVEN');
INSERT INTO gifi (accno, description) VALUES ('3', 'GESAMTLEISTUNG');
INSERT INTO gifi (accno, description) VALUES ('4', 'AUFWAND FÜR MATERIAL, WAREN UND DIESTLEISTUNGEN');
INSERT INTO gifi (accno, description) VALUES ('5', 'PERSONALAUFWAND');
INSERT INTO gifi (accno, description) VALUES ('6', 'ÜBRIGER BETRIEBLICHER AUFWAND, ABSCHREIBUNGEN UND WERTBERICHTIGUNGEN SOWIE FINANZERGEBNIS');
INSERT INTO gifi (accno, description) VALUES ('7', 'BETRIEBLICHER NEBENERFOLG ');
INSERT INTO gifi (accno, description) VALUES ('8', 'AUSSERORDENTLICHER UND BETRIEBSFREMDER ERFOLG, STEUERN');
INSERT INTO gifi (accno, description) VALUES ('100', 'Flüssige Mittel');
INSERT INTO gifi (accno, description) VALUES ('106', 'Kurzfristig gehaltene Aktiven mit Börsenkurs');
INSERT INTO gifi (accno, description) VALUES ('109', 'Transferkonto');
INSERT INTO gifi (accno, description) VALUES ('110', 'Forderungen aus Lieferungen und Leistungen gegenüber Dritten');
INSERT INTO gifi (accno, description) VALUES ('111', 'Forderungen aus Lieferungen und Leistungen gegenüber Beteiligungen');
INSERT INTO gifi (accno, description) VALUES ('112', 'Forderungen aus Lieferungen und Leistungen gegenüber Beteiligten und Organen');
INSERT INTO gifi (accno, description) VALUES ('114', 'Übrige kurzfristige Forderungen gegenüber Dritten');
INSERT INTO gifi (accno, description) VALUES ('115', 'Übrige kurzfristige Forderungen gegenüber Beteiligungen');
INSERT INTO gifi (accno, description) VALUES ('116', 'Übrige kurzfristige Forderungen gegenüber Beteiligten und Organen');
INSERT INTO gifi (accno, description) VALUES ('117', 'Kurzfristige Forderungen gegenüber staatlichen Stellen');
INSERT INTO gifi (accno, description) VALUES ('118', 'Kurzfristige Forderungen gegenüber Sozialversicherungen');
INSERT INTO gifi (accno, description) VALUES ('119', 'Sonstige kurzfristige Forderungen');
INSERT INTO gifi (accno, description) VALUES ('120', 'Vorräte und nicht fakturierte Dienstleistungen');
INSERT INTO gifi (accno, description) VALUES ('130', 'Aktive Rechnungsabgrenzungen');
INSERT INTO gifi (accno, description) VALUES ('140', 'Finanzanlagen');
INSERT INTO gifi (accno, description) VALUES ('144', 'Langfristige Forderungen gegenüber Dritten');
INSERT INTO gifi (accno, description) VALUES ('145', 'Langfristige Forderungen gegenüber Beteiligungen');
INSERT INTO gifi (accno, description) VALUES ('146', 'Langfristige Forderungen gegenüber Beteiligten und Organen');
INSERT INTO gifi (accno, description) VALUES ('148', 'Beteiligungen');
INSERT INTO gifi (accno, description) VALUES ('150', 'Mobile Sachanlagen');
INSERT INTO gifi (accno, description) VALUES ('160', 'Immobile Sachanlagen');
INSERT INTO gifi (accno, description) VALUES ('170', 'Immaterielle Werte');
INSERT INTO gifi (accno, description) VALUES ('180', 'Nicht einbezahltes Grundkapital');
INSERT INTO gifi (accno, description) VALUES ('200', 'Verbindlichkeiten aus Lieferungen und Leistungen');
INSERT INTO gifi (accno, description) VALUES ('201', 'VERBINDLICHKEITEN AUS LIEFERUNGEN UND LEISTUNGEN GEGENÜBER BETEILIGTEN UND ORGANEN');
INSERT INTO gifi (accno, description) VALUES ('202', 'VERBINDLICHKEITEN AUS LIEFERUNGEN UND LEISTUNGEN GEGENÜBER BETEILIGUNGEN');
INSERT INTO gifi (accno, description) VALUES ('203', 'Erhaltene Anzahlungen von Dritten');
INSERT INTO gifi (accno, description) VALUES ('210', 'Kurzfristige verzinsliche Verbindlichkeiten');
INSERT INTO gifi (accno, description) VALUES ('214', 'Übrige kurzfristige verzinsliche Verbindlichkeiten gegenüber Dritten');
INSERT INTO gifi (accno, description) VALUES ('215', 'Kurzfristige verzinsliche Verbindlichkeiten gegenüber Beteiligungen');
INSERT INTO gifi (accno, description) VALUES ('216', 'Kurzfristige verzinsliche Verbindlichkeiten gegenüber Beteiligten und Organen');
INSERT INTO gifi (accno, description) VALUES ('220', 'Kurzfristige Verbindlichkeiten gegenüber staatlichen Stellen');
INSERT INTO gifi (accno, description) VALUES ('221', 'Übrige kurzfristige Verbindlichkeiten gegenüber Dritten (unverzinslich)');
INSERT INTO gifi (accno, description) VALUES ('225', 'Übrige kurzfristige Verbindlichkeiten gegenüber Beteiligungen (unverzinslich)');
INSERT INTO gifi (accno, description) VALUES ('226', 'Übrige kurzfristige Verbindlichkeiten gegenüber Beteiligten und Organen (unverzinslich)');
INSERT INTO gifi (accno, description) VALUES ('227', 'Übrige kurzfristige Verbindlichkeiten gegenüber Sozialversicherungen');
INSERT INTO gifi (accno, description) VALUES ('230', 'Passive Rechnungsabgrenzung und kurzfristige Rückstellungen');
INSERT INTO gifi (accno, description) VALUES ('240', 'Langfristige verzinsliche Verbindlichkeiten');
INSERT INTO gifi (accno, description) VALUES ('245', 'Übrige langfristige verzinsliche Verbindlichkeiten gegenüber Dritten');
INSERT INTO gifi (accno, description) VALUES ('247', 'Langfristige verzinsliche Verbindlichkeiten gegenüber Beteiligungen');
INSERT INTO gifi (accno, description) VALUES ('248', 'Langfristige verzinsliche Verbindlichkeiten gegenüber Beteiligten und Organen');
INSERT INTO gifi (accno, description) VALUES ('250', 'Übrige langfristige Verbindlichkeiten gegenüber Dritten (unverzinslich)');
INSERT INTO gifi (accno, description) VALUES ('255', 'Übrige langfristige Verbindlichkeiten gegenüber Beteiligungen (unverzinslich)');
INSERT INTO gifi (accno, description) VALUES ('256', 'Übrige langfristige Verbindlichkeiten gegenüber Beteiligten und Organen (unverzinslich)');
INSERT INTO gifi (accno, description) VALUES ('260', 'Rückstellungen sowie vom Gesetz vorgesehenen ähnlichen Positionen');
INSERT INTO gifi (accno, description) VALUES ('280', 'Kapital');
INSERT INTO gifi (accno, description) VALUES ('282', 'Kapitaleinlagen und Kapitalrücklage');
INSERT INTO gifi (accno, description) VALUES ('285', 'Privat');
INSERT INTO gifi (accno, description) VALUES ('289', 'Jahresgewinn oder Jahresverlust');
INSERT INTO gifi (accno, description) VALUES ('290', 'Reserven und Jahresgewinn oder Jahresverlust');
INSERT INTO gifi (accno, description) VALUES ('295', 'GESETZLICHE GEWINNRESERVE');
INSERT INTO gifi (accno, description) VALUES ('296', 'FREIWILLIGE GEWINNRESERVEN');
INSERT INTO gifi (accno, description) VALUES ('297', 'Bilanzgewinn oder Bilanzverlust');
INSERT INTO gifi (accno, description) VALUES ('298', 'Eigene Kapitalanteile');
INSERT INTO gifi (accno, description) VALUES ('300', 'Produktionserlöse');
INSERT INTO gifi (accno, description) VALUES ('320', 'Handelserlöse');
INSERT INTO gifi (accno, description) VALUES ('340', 'Dienstleistungserlöse');
INSERT INTO gifi (accno, description) VALUES ('350', 'Erlösminderungen aus Lieferungen und Leistungen');
INSERT INTO gifi (accno, description) VALUES ('360', 'Übrige Erlöse aus Lieferungen und Leistungen');
INSERT INTO gifi (accno, description) VALUES ('370', 'Eigenleistungen und Eigenverbrauch');
INSERT INTO gifi (accno, description) VALUES ('380', 'Erlösminderungen');
INSERT INTO gifi (accno, description) VALUES ('390', 'Bestandesänderungen an unfertigen und fertigen Erzeugnissen sowie an nicht fakturierten Dienstleistungen');
INSERT INTO gifi (accno, description) VALUES ('400', 'Materialaufwand');
INSERT INTO gifi (accno, description) VALUES ('420', 'Handelswarenaufwand');
INSERT INTO gifi (accno, description) VALUES ('440', 'Aufwand für bezogene Drittleistungen');
INSERT INTO gifi (accno, description) VALUES ('450', 'Energieaufwand zur Leistungserstellung');
INSERT INTO gifi (accno, description) VALUES ('460', 'Übriger Aufwand für Material, Handelswaren und Dienstleistungen');
INSERT INTO gifi (accno, description) VALUES ('470', 'Direkte Einkaufsspesen');
INSERT INTO gifi (accno, description) VALUES ('480', 'Bestandesveränderungen und Material- / Warenverluste');
INSERT INTO gifi (accno, description) VALUES ('490', 'Einkaufspreisminderung');
INSERT INTO gifi (accno, description) VALUES ('500', 'Personalaufwand');
INSERT INTO gifi (accno, description) VALUES ('540', 'Lohnaufwand');
INSERT INTO gifi (accno, description) VALUES ('570', 'Sozialversicherungsaufwand');
INSERT INTO gifi (accno, description) VALUES ('580', 'Übriger Personalaufwand');
INSERT INTO gifi (accno, description) VALUES ('590', 'Leistungen Dritter');
INSERT INTO gifi (accno, description) VALUES ('600', 'Raumaufwand');
INSERT INTO gifi (accno, description) VALUES ('610', 'Unterhalt, Reparaturen, Ersatz (URE) Leasing Mobile Sachanlagen');
INSERT INTO gifi (accno, description) VALUES ('620', 'Fahrzeug- und Transportaufwand');
INSERT INTO gifi (accno, description) VALUES ('630', 'Sachversicherungen, Abgaben, Gebühren, Bewilligungen');
INSERT INTO gifi (accno, description) VALUES ('640', 'Energie- und Entsorgungsaufwand');
INSERT INTO gifi (accno, description) VALUES ('650', 'Verwaltungsaufwand');
INSERT INTO gifi (accno, description) VALUES ('657', 'Informatikaufwand');
INSERT INTO gifi (accno, description) VALUES ('660', 'Werbeaufwand');
INSERT INTO gifi (accno, description) VALUES ('670', 'Sonstiger betrieblicher Aufwand');
INSERT INTO gifi (accno, description) VALUES ('680', 'Abschreibungen und Wertberichtigungen');
INSERT INTO gifi (accno, description) VALUES ('690', 'Finanzaufwand und Finanzertrag');
INSERT INTO gifi (accno, description) VALUES ('695', 'Finanzertrag');
INSERT INTO gifi (accno, description) VALUES ('700', 'Ertrag aus Nebenbetrieben');
INSERT INTO gifi (accno, description) VALUES ('701', 'Aufwand aus Nebenbetrieb');
INSERT INTO gifi (accno, description) VALUES ('750', 'Erfolg aus betrieblicher Liegenschaft');
INSERT INTO gifi (accno, description) VALUES ('751', 'Aufwand aus betrieblicher Liegenschaft');
INSERT INTO gifi (accno, description) VALUES ('800', 'Betriebsfremder Aufwand');
INSERT INTO gifi (accno, description) VALUES ('810', 'Betriebsfremder Ertrag');
INSERT INTO gifi (accno, description) VALUES ('850', 'Ausserordentlicher Aufwand');
INSERT INTO gifi (accno, description) VALUES ('851', 'Ausserordentlicher Ertrag');
INSERT INTO gifi (accno, description) VALUES ('860', 'Einmaliger Aufwand');
INSERT INTO gifi (accno, description) VALUES ('861', 'Einmaliger Ertrag');
INSERT INTO gifi (accno, description) VALUES ('870', 'Periodenfremder Aufwand');
INSERT INTO gifi (accno, description) VALUES ('871', 'Periodenfremder Ertrag');
INSERT INTO gifi (accno, description) VALUES ('890', 'Direkte Steuern');

DELETE FROM tax;
INSERT INTO tax (chart_id, rate, taxnumber, validto, id) VALUES (10306, 0.077, 'CHE-XXX.XXX.XXX MWST', NULL, 40);
INSERT INTO tax (chart_id, rate, taxnumber, validto, id) VALUES (11018, 0.081, 'CHE-XXX.XXX.XXX MWST', NULL, 41);
INSERT INTO tax (chart_id, rate, taxnumber, validto, id) VALUES (10307, 0, 'CHE-XXX.XXX.XXX MWST', NULL, 42);
INSERT INTO tax (chart_id, rate, taxnumber, validto, id) VALUES (10308, 0, 'CHE-XXX.XXX.XXX MWST', NULL, 43);
INSERT INTO tax (chart_id, rate, taxnumber, validto, id) VALUES (10309, 0, 'CHE-XXX.XXX.XXX MWST', NULL, 44);
INSERT INTO tax (chart_id, rate, taxnumber, validto, id) VALUES (10310, 0, 'CHE-XXX.XXX.XXX MWST', NULL, 45);
INSERT INTO tax (chart_id, rate, taxnumber, validto, id) VALUES (10312, 0, 'CHE-XXX.XXX.XXX MWST', NULL, 47);
INSERT INTO tax (chart_id, rate, taxnumber, validto, id) VALUES (10073, 0, 'CHE-XXX.XXX.XXX MWST', NULL, 48);
INSERT INTO tax (chart_id, rate, taxnumber, validto, id) VALUES (10302, 0.038, 'CHE-XXX.XXX.XXX MWST', '2017-12-31', 49);
INSERT INTO tax (chart_id, rate, taxnumber, validto, id) VALUES (10302, 0.037, 'CHE-XXX.XXX.XXX MWST', NULL, 50);
INSERT INTO tax (chart_id, rate, taxnumber, validto, id) VALUES (10735, 0.038, 'CHE-XXX.XXX.XXX MWST', NULL, 51);
INSERT INTO tax (chart_id, rate, taxnumber, validto, id) VALUES (10303, 0.025, 'CHE-XXX.XXX.XXX MWST', NULL, 52);
INSERT INTO tax (chart_id, rate, taxnumber, validto, id) VALUES (10736, 0.026, 'CHE-XXX.XXX.XXX MWST', NULL, 53);
INSERT INTO tax (chart_id, rate, taxnumber, validto, id) VALUES (10304, 0.077, 'CHE-XXX.XXX.XXX MWST', '2017-12-31', 54);
INSERT INTO tax (chart_id, rate, taxnumber, validto, id) VALUES (10304, 0.077, 'CHE-XXX.XXX.XXX MWST', NULL, 55);
INSERT INTO tax (chart_id, rate, taxnumber, validto, id) VALUES (10737, 0.081, 'CHE-XXX.XXX.XXX MWST', NULL, 56);
INSERT INTO tax (chart_id, rate, taxnumber, validto, id) VALUES (10314, 0.077, 'CHE-XXX.XXX.XXX MWST', NULL, 57);
INSERT INTO tax (chart_id, rate, taxnumber, validto, id) VALUES (11165, 0.081, 'CHE-XXX.XXX.XXX MWST', NULL, 58);

