-- Chart of Accounts for SQL-Ledger derived from CSV (Swiss SME structure).
-- Reflects the chart of accounts for a corporation (Aktiengesellschaft).
-- The script deletes the existing chart of accounts (if present).
-- Use this script only for new installations or databases without existing entries.


DELETE FROM chart;

-----------------
--- 1 AKTIVEN ---
-----------------

INSERT INTO chart (accno, description, charttype, category, link, gifi_accno, contra, allow_gl, symbol_link, detail, parent_id) VALUES ('1', 'AKTIVEN', 'H', 'A', '', '1', false, true, '', '', NULL);
INSERT INTO chart (accno, description, charttype, category, link, gifi_accno, contra, allow_gl, symbol_link, detail, parent_id) VALUES ('10', 'UMLAUFVERMÖGEN', 'H', 'A', '', '100', false, true, '', '', (SELECT id FROM chart WHERE accno = '1'));
INSERT INTO chart (accno, description, charttype, category, link, gifi_accno, contra, allow_gl, symbol_link, detail, parent_id) VALUES ('100', 'FLÜSSIGE MITTEL', 'H', 'A', '', '100', false, true, '', '', (SELECT id FROM chart WHERE accno = '10'));
INSERT INTO chart (accno, description, charttype, category, link, gifi_accno, contra, allow_gl, symbol_link, detail, parent_id) VALUES ('1000', 'Kasse', 'A', 'A', 'AR_paid:AP_paid', '100', false, true, 'kassa', 'DO NOT AUTO-BOOK. Balance sheet account: Cash register / petty cash. Manual booking only.', (SELECT id FROM chart WHERE accno = '100'));
INSERT INTO chart (accno, description, charttype, category, link, gifi_accno, contra, allow_gl, symbol_link, detail, parent_id) VALUES ('1020', 'Bank', 'A', 'A', 'AR_paid:AP_paid', '100', false, true, '', 'DO NOT AUTO-BOOK. Balance sheet account: Bank account. Manual booking only.', (SELECT id FROM chart WHERE accno = '100'));
INSERT INTO chart (accno, description, charttype, category, link, gifi_accno, contra, allow_gl, symbol_link, detail, parent_id) VALUES ('106', 'KURZFRISTIG GEHALTENE AKTIVEN MIT BÖRSENKURS', 'H', 'A', '', '106', false, false, '', '', (SELECT id FROM chart WHERE accno = '10'));
INSERT INTO chart (accno, description, charttype, category, link, gifi_accno, contra, allow_gl, symbol_link, detail, parent_id) VALUES ('1060', 'Wertschriften mit Börsenkurs', 'A', 'A', 'AP_amount', '106', false, true, '', 'DO NOT AUTO-BOOK. Balance sheet account: Marketable securities (short-term). Manual booking only.', (SELECT id FROM chart WHERE accno = '106'));
INSERT INTO chart (accno, description, charttype, category, link, gifi_accno, contra, allow_gl, symbol_link, detail, parent_id) VALUES ('109', 'TRANSFERKONTO', 'H', 'A', '', '109', false, true, '', '', (SELECT id FROM chart WHERE accno = '10'));
INSERT INTO chart (accno, description, charttype, category, link, gifi_accno, contra, allow_gl, symbol_link, detail, parent_id) VALUES ('1090', 'Transferkonto', 'A', 'A', 'AR_paid:AP_paid', '109', false, true, 'transfer', 'DO NOT AUTO-BOOK. Balance sheet account: Transfer account for inter-bank transfers. Manual booking only.', (SELECT id FROM chart WHERE accno = '109'));
INSERT INTO chart (accno, description, charttype, category, link, gifi_accno, contra, allow_gl, symbol_link, detail, parent_id) VALUES ('1099', 'Unklare Beträge', 'A', 'A', 'AP_amount', '109', false, true, 'abklärung', 'DO NOT AUTO-BOOK. Balance sheet account: Unidentified / unclear amounts pending clarification. Manual booking only.', (SELECT id FROM chart WHERE accno = '109'));
INSERT INTO chart (accno, description, charttype, category, link, gifi_accno, contra, allow_gl, symbol_link, detail, parent_id) VALUES ('110', 'FORDERUNGEN AUS LIEFERUNGEN UND LEISTUNGEN GEGENÜBER DRITTEN', 'H', 'A', '', '110', false, false, '', '', (SELECT id FROM chart WHERE accno = '10'));
INSERT INTO chart (accno, description, charttype, category, link, gifi_accno, contra, allow_gl, symbol_link, detail, parent_id) VALUES ('1100', 'Forderungen Schweiz', 'A', 'A', 'AR', '110', false, false, 'forderungenschweiz', 'DO NOT AUTO-BOOK. Balance sheet account: Accounts receivable Switzerland. Manual booking only.', (SELECT id FROM chart WHERE accno = '110'));
INSERT INTO chart (accno, description, charttype, category, link, gifi_accno, contra, allow_gl, symbol_link, detail, parent_id) VALUES ('1101', 'Forderungen Ausland', 'A', 'A', 'AR', '110', false, false, 'forderungenauslandchf', 'DO NOT AUTO-BOOK. Balance sheet account: Accounts receivable foreign. Manual booking only.', (SELECT id FROM chart WHERE accno = '110'));
INSERT INTO chart (accno, description, charttype, category, link, gifi_accno, contra, allow_gl, symbol_link, detail, parent_id) VALUES ('1102', 'Forderungen Ausland Fremdwährungen', 'A', 'A', 'AR', '110', false, false, 'forderungenauslandandere', 'DO NOT AUTO-BOOK. Balance sheet account: Accounts receivable foreign currencies. Manual booking only.', (SELECT id FROM chart WHERE accno = '110'));
INSERT INTO chart (accno, description, charttype, category, link, gifi_accno, contra, allow_gl, symbol_link, detail, parent_id) VALUES ('1103', 'Forderungen aus Lieferungen und Leistungen FiBu', 'A', 'A', 'AR_paid', '110', false, true, '', 'DO NOT AUTO-BOOK. Balance sheet account: Accounts receivable (financial accounting). Manual booking only.', (SELECT id FROM chart WHERE accno = '110'));
INSERT INTO chart (accno, description, charttype, category, link, gifi_accno, contra, allow_gl, symbol_link, detail, parent_id) VALUES ('1109', 'Wertberichtigungen Forderungen aus Lieferungen und Leistungen gegenüber Dritten', 'A', 'A', '', '110', false, true, '', 'DO NOT AUTO-BOOK. Balance sheet account: Allowance for doubtful accounts. Manual booking only.', (SELECT id FROM chart WHERE accno = '110'));
INSERT INTO chart (accno, description, charttype, category, link, gifi_accno, contra, allow_gl, symbol_link, detail, parent_id) VALUES ('111', 'FORDERUNGEN AUS LIEFERUNGEN UND LEISTUNGEN GEGENÜBER BETEILIGUNGEN', 'H', 'A', '', '111', false, false, '', '', (SELECT id FROM chart WHERE accno = '10'));
INSERT INTO chart (accno, description, charttype, category, link, gifi_accno, contra, allow_gl, symbol_link, detail, parent_id) VALUES ('1110', 'Forderungen aus Lieferungen und Leistungen gegenüber Beteiligungen', 'A', 'A', '', '111', false, true, '', 'DO NOT AUTO-BOOK. Balance sheet account: Receivables from affiliated companies. Manual booking only.', (SELECT id FROM chart WHERE accno = '111'));
INSERT INTO chart (accno, description, charttype, category, link, gifi_accno, contra, allow_gl, symbol_link, detail, parent_id) VALUES ('112', 'FORDERUNGEN AUS LIEFERUNGEN UND LEISTUNGEN GEGENÜBER BETEILIGTEN UND ORGANEN', 'H', 'A', '', '112', false, true, '', '', (SELECT id FROM chart WHERE accno = '10'));
INSERT INTO chart (accno, description, charttype, category, link, gifi_accno, contra, allow_gl, symbol_link, detail, parent_id) VALUES ('1120', 'Forderungen aus Lieferungen und Leistungen gegenüber Beteiligten', 'A', 'A', '', '112', false, true, '', 'DO NOT AUTO-BOOK. Balance sheet account: Receivables from shareholders and directors. Manual booking only.', (SELECT id FROM chart WHERE accno = '112'));
INSERT INTO chart (accno, description, charttype, category, link, gifi_accno, contra, allow_gl, symbol_link, detail, parent_id) VALUES ('114', 'ÜBRIGE KURZFRISTIGE FORDERUNGEN GEGENÜBER DRITTEN', 'H', 'A', '', '114', false, true, '', '', (SELECT id FROM chart WHERE accno = '10'));
INSERT INTO chart (accno, description, charttype, category, link, gifi_accno, contra, allow_gl, symbol_link, detail, parent_id) VALUES ('115', 'ÜBRIGE KURZFRISTIGE FORDERUNGEN GEGENÜBER BETEILIGUNGEN', 'H', 'A', '', '115', false, true, '', '', (SELECT id FROM chart WHERE accno = '10'));
INSERT INTO chart (accno, description, charttype, category, link, gifi_accno, contra, allow_gl, symbol_link, detail, parent_id) VALUES ('116', 'ÜBRIGE KURZFRISTIGE FORDERUNGEN GEGENÜBER BETEILIGTEN UND ORGANEN', 'H', 'A', '', '116', false, true, '', '', (SELECT id FROM chart WHERE accno = '10'));
INSERT INTO chart (accno, description, charttype, category, link, gifi_accno, contra, allow_gl, symbol_link, detail, parent_id) VALUES ('117', 'ÜBRIGE KURZFRISTIGE FORDERUNGEN GEGENÜBER STAATLICHEN STELLEN', 'H', 'A', '', '117', false, true, '', '', (SELECT id FROM chart WHERE accno = '10'));
INSERT INTO chart (accno, description, charttype, category, link, gifi_accno, contra, allow_gl, symbol_link, detail, parent_id) VALUES ('1177', 'Forderungen gegenüber Oberzolldirektion', 'A', 'A', '', '117', false, true, '', 'Receivable from customs authority (Oberzolldirektion). Use for recording amounts owed by Swiss customs, e.g. overpayments or refunds on import duties.', (SELECT id FROM chart WHERE accno = '117'));
INSERT INTO chart (accno, description, charttype, category, link, gifi_accno, contra, allow_gl, symbol_link, detail, parent_id) VALUES ('1179', 'Verrechnungssteuer', 'A', 'A', '', '117', false, true, 'verrechnungssteuer', 'Withholding tax (Verrechnungssteuer) receivable at 35%. Use when recording the reclaimable withholding tax deducted on Swiss dividend income, interest income, or lottery winnings. The 35% withholding tax can be reclaimed via annual tax return.', (SELECT id FROM chart WHERE accno = '117'));
INSERT INTO chart (accno, description, charttype, category, link, gifi_accno, contra, allow_gl, symbol_link, detail, parent_id) VALUES ('118', 'ÜBRIGE KURZFRISTIGE FORDERUNGEN GEGENÜBER SOZIALVERSICHERUNGEN', 'H', 'A', '', '118', false, true, '', '', (SELECT id FROM chart WHERE accno = '10'));
INSERT INTO chart (accno, description, charttype, category, link, gifi_accno, contra, allow_gl, symbol_link, detail, parent_id) VALUES ('119', 'ANZAHLUNGEN', 'H', 'A', '', '119', false, true, '', '', (SELECT id FROM chart WHERE accno = '10'));
INSERT INTO chart (accno, description, charttype, category, link, gifi_accno, contra, allow_gl, symbol_link, detail, parent_id) VALUES ('1192', 'Geleistete Anzahlungen', 'A', 'A', 'AP_paid', '119', false, true, '', 'DO NOT AUTO-BOOK. Balance sheet account: Advance payments made. Manual booking only.', (SELECT id FROM chart WHERE accno = '119'));
INSERT INTO chart (accno, description, charttype, category, link, gifi_accno, contra, allow_gl, symbol_link, detail, parent_id) VALUES ('120', 'VORRÄTE UND NICHT FAKTURIERTE DIENSTLEISTUNGEN', 'H', 'A', '', '120', false, true, '', '', (SELECT id FROM chart WHERE accno = '10'));
INSERT INTO chart (accno, description, charttype, category, link, gifi_accno, contra, allow_gl, symbol_link, detail, parent_id) VALUES ('1280', 'Nicht fakturierte Dienstleistungen', 'A', 'A', 'IC', '120', false, true, '', 'DO NOT AUTO-BOOK. Balance sheet account: Unbilled services / work in progress. Manual booking only.', (SELECT id FROM chart WHERE accno = '120'));
INSERT INTO chart (accno, description, charttype, category, link, gifi_accno, contra, allow_gl, symbol_link, detail, parent_id) VALUES ('130', 'AKTIVE RECHNUNGSABGRENZUNGEN', 'H', 'A', '', '130', false, true, '', '', (SELECT id FROM chart WHERE accno = '10'));
INSERT INTO chart (accno, description, charttype, category, link, gifi_accno, contra, allow_gl, symbol_link, detail, parent_id) VALUES ('1300', 'Im Voraus bezahlter Aufwand', 'A', 'A', '', '130', false, true, '', 'DO NOT AUTO-BOOK. Balance sheet account: Prepaid expenses. Manual booking only.', (SELECT id FROM chart WHERE accno = '130'));
INSERT INTO chart (accno, description, charttype, category, link, gifi_accno, contra, allow_gl, symbol_link, detail, parent_id) VALUES ('1301', 'Noch nicht erhaltener Ertrag', 'A', 'A', '', '130', false, true, '', 'DO NOT AUTO-BOOK. Balance sheet account: Accrued income not yet received. Manual booking only.', (SELECT id FROM chart WHERE accno = '130'));
INSERT INTO chart (accno, description, charttype, category, link, gifi_accno, contra, allow_gl, symbol_link, detail, parent_id) VALUES ('1302', 'Arbeitgeberbeitragsreserve', 'A', 'A', '', '130', false, true, '', 'DO NOT AUTO-BOOK. Balance sheet account: Employer contribution reserve (pension). Manual booking only.', (SELECT id FROM chart WHERE accno = '130'));
INSERT INTO chart (accno, description, charttype, category, link, gifi_accno, contra, allow_gl, symbol_link, detail, parent_id) VALUES ('1310', 'Aktive Rechnungsabgrenzung', 'A', 'A', '', '130', false, true, 'aktiverechnungsabgrenzung', 'DO NOT AUTO-BOOK. Balance sheet account: Prepaid expenses / accrued income. Manual booking only.', (SELECT id FROM chart WHERE accno = '130'));
INSERT INTO chart (accno, description, charttype, category, link, gifi_accno, contra, allow_gl, symbol_link, detail, parent_id) VALUES ('14', 'ANLAGEVERMÖGEN', 'H', 'A', '', '140', false, true, '', '', (SELECT id FROM chart WHERE accno = '1'));
INSERT INTO chart (accno, description, charttype, category, link, gifi_accno, contra, allow_gl, symbol_link, detail, parent_id) VALUES ('140', 'FINANZANLAGEN', 'H', 'A', '', '140', false, true, '', '', (SELECT id FROM chart WHERE accno = '14'));
INSERT INTO chart (accno, description, charttype, category, link, gifi_accno, contra, allow_gl, symbol_link, detail, parent_id) VALUES ('1400', 'Wertschriften des Anlagevermögens', 'A', 'A', '', '140', false, true, '', 'DO NOT AUTO-BOOK. Balance sheet account: Long-term investment securities. Manual booking only.', (SELECT id FROM chart WHERE accno = '140'));
INSERT INTO chart (accno, description, charttype, category, link, gifi_accno, contra, allow_gl, symbol_link, detail, parent_id) VALUES ('144', 'LANGFRISTIGE FORDERUNGEN GEGENÜBER DRITTEN', 'H', 'A', '', '144', false, true, '', '', (SELECT id FROM chart WHERE accno = '14'));
INSERT INTO chart (accno, description, charttype, category, link, gifi_accno, contra, allow_gl, symbol_link, detail, parent_id) VALUES ('1440', 'Darlehensforderungen gegenüber Dritten', 'A', 'A', '', '144', false, true, '', 'DO NOT AUTO-BOOK. Balance sheet account: Loans receivable from third parties. Manual booking only.', (SELECT id FROM chart WHERE accno = '144'));
INSERT INTO chart (accno, description, charttype, category, link, gifi_accno, contra, allow_gl, symbol_link, detail, parent_id) VALUES ('145', 'LANGFRISTIGE FORDERUNGEN GEGENÜBER BETEILIGUNGEN', 'H', 'A', '', '145', false, true, '', '', (SELECT id FROM chart WHERE accno = '14'));
INSERT INTO chart (accno, description, charttype, category, link, gifi_accno, contra, allow_gl, symbol_link, detail, parent_id) VALUES ('1450', 'Darlehensforderungen gegenüber Beteiligungen', 'A', 'A', '', '145', false, true, '', 'DO NOT AUTO-BOOK. Balance sheet account: Loans receivable from affiliated companies. Manual booking only.', (SELECT id FROM chart WHERE accno = '145'));
INSERT INTO chart (accno, description, charttype, category, link, gifi_accno, contra, allow_gl, symbol_link, detail, parent_id) VALUES ('146', 'LANGFRISTIGE FORDERUNGEN GEGENÜBER BETEILIGTEN UND ORGANEN', 'H', 'A', '', '146', false, true, '', '', (SELECT id FROM chart WHERE accno = '14'));
INSERT INTO chart (accno, description, charttype, category, link, gifi_accno, contra, allow_gl, symbol_link, detail, parent_id) VALUES ('1460', 'Darlehensforderungen gegenüber Beteiligten', 'A', 'A', '', '146', false, true, '', 'DO NOT AUTO-BOOK. Balance sheet account: Loans receivable from shareholders and directors. Manual booking only.', (SELECT id FROM chart WHERE accno = '146'));
INSERT INTO chart (accno, description, charttype, category, link, gifi_accno, contra, allow_gl, symbol_link, detail, parent_id) VALUES ('148', 'BETEILIGUNGEN', 'H', 'A', '', '148', false, true, '', '', (SELECT id FROM chart WHERE accno = '14'));
INSERT INTO chart (accno, description, charttype, category, link, gifi_accno, contra, allow_gl, symbol_link, detail, parent_id) VALUES ('1480', 'Beteiligungen', 'A', 'A', '', '148', false, true, '', 'DO NOT AUTO-BOOK. Balance sheet account: Participations / equity investments. Manual booking only.', (SELECT id FROM chart WHERE accno = '148'));
INSERT INTO chart (accno, description, charttype, category, link, gifi_accno, contra, allow_gl, symbol_link, detail, parent_id) VALUES ('150', 'MOBILE SACHANLAGEN', 'H', 'A', '', '150', false, true, '', '', (SELECT id FROM chart WHERE accno = '14'));
INSERT INTO chart (accno, description, charttype, category, link, gifi_accno, contra, allow_gl, symbol_link, detail, parent_id) VALUES ('1500', 'Maschinen und Apparate', 'A', 'A', 'AP_amount', '150', false, true, '', 'INVESTMENT ONLY: Book purchases of new machines and equipment here if amount exceeds CHF 1,000. Only capital expenditures (acquisitions of new assets), NEVER maintenance, repair, or servicing invoices. Examples: purchase of a new production machine, CNC machine, industrial printer. Do NOT book: machine repair, annual service contract, replacement parts.', (SELECT id FROM chart WHERE accno = '150'));
INSERT INTO chart (accno, description, charttype, category, link, gifi_accno, contra, allow_gl, symbol_link, detail, parent_id) VALUES ('1510', 'Mobiliar und Einrichtungen', 'A', 'A', 'AP_amount', '150', false, true, '', 'INVESTMENT ONLY: Book purchases of new furniture and fixtures here if amount exceeds CHF 1,000. Only capital expenditures (acquisitions of new assets), NEVER maintenance, repair, or servicing invoices. Examples: purchase of new office desks, conference table, shelving systems. Do NOT book: furniture repair, reupholstering, cleaning services.', (SELECT id FROM chart WHERE accno = '150'));
INSERT INTO chart (accno, description, charttype, category, link, gifi_accno, contra, allow_gl, symbol_link, detail, parent_id) VALUES ('1520', 'Büromaschinen', 'A', 'A', 'AR_amount:AP_amount', '150', false, true, '', 'INVESTMENT ONLY: Book purchases of new office machines and IT hardware here if amount exceeds CHF 1,000. Only capital expenditures (acquisitions of new assets), NEVER maintenance, repair, or servicing invoices. Examples: purchase of a new laptop, server, printer, monitor. Do NOT book: printer repair, toner replacement, hardware maintenance.', (SELECT id FROM chart WHERE accno = '150'));
INSERT INTO chart (accno, description, charttype, category, link, gifi_accno, contra, allow_gl, symbol_link, detail, parent_id) VALUES ('1530', 'Fahrzeuge', 'A', 'A', 'AP_amount', '150', false, true, '', 'INVESTMENT ONLY: Book purchases of new vehicles here if amount exceeds CHF 1,000. Only capital expenditures (acquisitions of new vehicles), NEVER maintenance, repair, or servicing invoices. Examples: purchase of a new car, delivery van, company vehicle. Do NOT book: garage service, oil change, tire replacement, car wash, repair invoices.', (SELECT id FROM chart WHERE accno = '150'));
INSERT INTO chart (accno, description, charttype, category, link, gifi_accno, contra, allow_gl, symbol_link, detail, parent_id) VALUES ('1540', 'Werkzeuge und Geräte', 'A', 'A', 'AP_amount', '150', false, true, '', 'INVESTMENT ONLY: Book purchases of new tools and devices here if amount exceeds CHF 1,000. Only capital expenditures (acquisitions of new assets), NEVER maintenance, repair, or servicing invoices. Examples: purchase of new power tools, measurement devices. Do NOT book: tool sharpening, calibration services, repair.', (SELECT id FROM chart WHERE accno = '150'));
INSERT INTO chart (accno, description, charttype, category, link, gifi_accno, contra, allow_gl, symbol_link, detail, parent_id) VALUES ('1590', 'Übrige mobile Sachanlagen', 'A', 'A', 'AP_amount', '150', false, true, '', 'INVESTMENT ONLY: Book purchases of other new tangible movable assets here if amount exceeds CHF 1,000. Only capital expenditures (acquisitions of new assets), NEVER maintenance, repair, or servicing invoices.', (SELECT id FROM chart WHERE accno = '150'));
INSERT INTO chart (accno, description, charttype, category, link, gifi_accno, contra, allow_gl, symbol_link, detail, parent_id) VALUES ('160', 'IMMOBILE SACHANLAGEN', 'H', 'A', '', '160', false, true, '', '', (SELECT id FROM chart WHERE accno = '14'));
INSERT INTO chart (accno, description, charttype, category, link, gifi_accno, contra, allow_gl, symbol_link, detail, parent_id) VALUES ('1600', 'Immobile Sachanlagen', 'A', 'A', '', '160', false, true, '', 'INVESTMENT ONLY: Book purchases of new real estate / immovable property here if amount exceeds CHF 1,000. Only capital expenditures (acquisitions), NEVER maintenance, renovation, or repair invoices.', (SELECT id FROM chart WHERE accno = '160'));
INSERT INTO chart (accno, description, charttype, category, link, gifi_accno, contra, allow_gl, symbol_link, detail, parent_id) VALUES ('170', 'IMMATERIELLE WERTE', 'H', 'A', '', '170', false, true, '', '', (SELECT id FROM chart WHERE accno = '14'));
INSERT INTO chart (accno, description, charttype, category, link, gifi_accno, contra, allow_gl, symbol_link, detail, parent_id) VALUES ('1700', 'Patente, Marken, Lizenzen, Urheberrechte', 'A', 'A', 'AP_amount', '170', false, true, '', 'INVESTMENT ONLY: Book purchases of new patents, trademarks, licenses, copyrights here if amount exceeds CHF 1,000. Only capital expenditures (new acquisitions), NEVER renewal fees or maintenance.', (SELECT id FROM chart WHERE accno = '170'));
INSERT INTO chart (accno, description, charttype, category, link, gifi_accno, contra, allow_gl, symbol_link, detail, parent_id) VALUES ('1740', 'Selber entwickelte Software', 'A', 'A', '', '170', false, true, '', 'INVESTMENT ONLY: Book internally developed software capitalization here if amount exceeds CHF 1,000. Only capital expenditures for new software development, NEVER maintenance or bug fixes.', (SELECT id FROM chart WHERE accno = '170'));
INSERT INTO chart (accno, description, charttype, category, link, gifi_accno, contra, allow_gl, symbol_link, detail, parent_id) VALUES ('1741', 'Erworbene Software', 'A', 'A', 'AP_amount', '170', false, true, '', 'INVESTMENT ONLY: Book purchases of new software here if amount exceeds CHF 1,000. Only capital expenditures (new software acquisitions), NEVER license renewals, updates, or software subscriptions.', (SELECT id FROM chart WHERE accno = '170'));
INSERT INTO chart (accno, description, charttype, category, link, gifi_accno, contra, allow_gl, symbol_link, detail, parent_id) VALUES ('1790', 'Übrige immaterielle Werte', 'A', 'A', '', '170', false, true, '', 'INVESTMENT ONLY: Book purchases of other new intangible assets here if amount exceeds CHF 1,000. Only capital expenditures (new acquisitions), NEVER maintenance or recurring fees.', (SELECT id FROM chart WHERE accno = '170'));
INSERT INTO chart (accno, description, charttype, category, link, gifi_accno, contra, allow_gl, symbol_link, detail, parent_id) VALUES ('180', 'NICHT EINBEZAHLTES GRUNDKAPITAL', 'H', 'A', '', '180', false, true, '', '', (SELECT id FROM chart WHERE accno = '14'));
INSERT INTO chart (accno, description, charttype, category, link, gifi_accno, contra, allow_gl, symbol_link, detail, parent_id) VALUES ('1800', 'Nicht einbezahltes Grundkapital', 'A', 'A', '', '180', false, true, '', 'DO NOT AUTO-BOOK. Balance sheet account: Uncalled share capital. Manual booking only.', (SELECT id FROM chart WHERE accno = '180'));

------------------
--- 2 PASSIVEN ---
------------------

INSERT INTO chart (accno, description, charttype, category, link, gifi_accno, contra, allow_gl, symbol_link, detail, parent_id) VALUES ('2', 'PASSIVEN', 'H', 'L', '', '2', false, true, '', '', NULL);
INSERT INTO chart (accno, description, charttype, category, link, gifi_accno, contra, allow_gl, symbol_link, detail, parent_id) VALUES ('20', 'KURZFRISTIGES FREMDKAPITAL', 'H', 'L', '', '200', false, true, '', '', (SELECT id FROM chart WHERE accno = '2'));
INSERT INTO chart (accno, description, charttype, category, link, gifi_accno, contra, allow_gl, symbol_link, detail, parent_id) VALUES ('200', 'VERBINDLICHKEITEN AUS LIEFERUNGEN UND LEISTUNGEN GEGENÜBER DRITTEN', 'H', 'L', '', '200', false, true, '', '', (SELECT id FROM chart WHERE accno = '20'));
INSERT INTO chart (accno, description, charttype, category, link, gifi_accno, contra, allow_gl, symbol_link, detail, parent_id) VALUES ('2000', 'Verbindlichkeiten aus Lieferungen und Leistungen', 'A', 'L', 'AP', '200', false, false, '', 'DO NOT AUTO-BOOK. Balance sheet account: Accounts payable (trade creditors). Manual booking only.', (SELECT id FROM chart WHERE accno = '200'));
INSERT INTO chart (accno, description, charttype, category, link, gifi_accno, contra, allow_gl, symbol_link, detail, parent_id) VALUES ('2001', 'Verbindlichkeiten aus Lieferungen und Leistungen FiBu', 'A', 'L', '', '200', false, true, '', 'DO NOT AUTO-BOOK. Balance sheet account: Accounts payable (financial accounting). Manual booking only.', (SELECT id FROM chart WHERE accno = '200'));
INSERT INTO chart (accno, description, charttype, category, link, gifi_accno, contra, allow_gl, symbol_link, detail, parent_id) VALUES ('2002', 'Verbindlichkeiten für Personalaufwand', 'A', 'L', '', '200', false, true, 'lohnzahlung', 'DO NOT AUTO-BOOK. Balance sheet account: Payroll liabilities. Manual booking only.', (SELECT id FROM chart WHERE accno = '200'));
INSERT INTO chart (accno, description, charttype, category, link, gifi_accno, contra, allow_gl, symbol_link, detail, parent_id) VALUES ('201', 'VERBINDLICHKEITEN AUS LIEFERUNGEN UND LEISTUNGEN GEGENÜBER BETEILIGTEN UND ORGANEN', 'H', 'Q', '', '201', false, false, '', '', (SELECT id FROM chart WHERE accno = '20'));
INSERT INTO chart (accno, description, charttype, category, link, gifi_accno, contra, allow_gl, symbol_link, detail, parent_id) VALUES ('2010', 'Verbindlichkeiten aus Lieferungen und Leistungen gegenüber Beteiligten und Organen', 'A', 'L', 'AP', '201', false, false, '', 'DO NOT AUTO-BOOK. Balance sheet account: Payables to shareholders and directors. Manual booking only.', (SELECT id FROM chart WHERE accno = '201'));
INSERT INTO chart (accno, description, charttype, category, link, gifi_accno, contra, allow_gl, symbol_link, detail, parent_id) VALUES ('202', 'VERBINDLICHKEITEN AUS LIEFERUNGEN UND LEISTUNGEN GEGENÜBER BETEILIGUNGEN', 'H', 'Q', '', '202', false, false, '', '', (SELECT id FROM chart WHERE accno = '20'));
INSERT INTO chart (accno, description, charttype, category, link, gifi_accno, contra, allow_gl, symbol_link, detail, parent_id) VALUES ('2020', 'Verbindlichkeiten aus Lieferungen und Leistungen gegenüber Beteiligungen', 'A', 'L', 'AP', '202', false, false, '', 'DO NOT AUTO-BOOK. Balance sheet account: Payables to affiliated companies. Manual booking only.', (SELECT id FROM chart WHERE accno = '202'));
INSERT INTO chart (accno, description, charttype, category, link, gifi_accno, contra, allow_gl, symbol_link, detail, parent_id) VALUES ('203', 'ERHALTENE ANZAHLUNGEN VON DRITTEN', 'H', 'L', '', '203', false, false, '', '', (SELECT id FROM chart WHERE accno = '20'));
INSERT INTO chart (accno, description, charttype, category, link, gifi_accno, contra, allow_gl, symbol_link, detail, parent_id) VALUES ('2030', 'Erhaltene Anzahlungen von Dritten', 'A', 'L', 'AR_amount:IC_income', '203', false, true, '', 'DO NOT AUTO-BOOK. Balance sheet account: Advance payments received from customers. Manual booking only.', (SELECT id FROM chart WHERE accno = '203'));
INSERT INTO chart (accno, description, charttype, category, link, gifi_accno, contra, allow_gl, symbol_link, detail, parent_id) VALUES ('214', 'KURZFRISTIGE VERZINSLICHE VERBINDLICHKEITEN GEGENÜBER DRITTEN', 'H', 'L', '', '214', false, true, '', '', (SELECT id FROM chart WHERE accno = '20'));
INSERT INTO chart (accno, description, charttype, category, link, gifi_accno, contra, allow_gl, symbol_link, detail, parent_id) VALUES ('215', 'KURZFRISTIGE VERZINSLICHE VERBINDLICHKEITEN GEGENÜBER BETEILIGUNGEN', 'H', 'L', '', '215', false, true, '', '', (SELECT id FROM chart WHERE accno = '20'));
INSERT INTO chart (accno, description, charttype, category, link, gifi_accno, contra, allow_gl, symbol_link, detail, parent_id) VALUES ('216', 'KURZFRISTIGE VERZINSLICHE VERBINDLICHKEITEN GEGENÜBER BETEILIGTEN UND ORGANEN', 'H', 'L', '', '216', false, true, '', '', (SELECT id FROM chart WHERE accno = '20'));
INSERT INTO chart (accno, description, charttype, category, link, gifi_accno, contra, allow_gl, symbol_link, detail, parent_id) VALUES ('2160', 'Kontokorrent Gesellschafter', 'A', 'L', 'AR_paid:AP_paid', '216', false, true, 'kontokorrent', 'Book expenses here that are clearly NOT business-related and must be charged to the owner''s personal account. Use only when an expense is very obviously private and non-business (high threshold). Examples: cinema tickets, private vacation bookings, personal clothing purchases, private gym memberships, personal streaming subscriptions. Do NOT use for any expense that could reasonably be business-related.', (SELECT id FROM chart WHERE accno = '216'));
INSERT INTO chart (accno, description, charttype, category, link, gifi_accno, contra, allow_gl, symbol_link, detail, parent_id) VALUES ('220', 'KURZFRISTIGE VERZINSLICHE VERBINDLICHKEITEN GEGENÜBER STAATLICHEN STELLEN', 'H', 'L', '', '220', false, true, '', '', (SELECT id FROM chart WHERE accno = '20'));
INSERT INTO chart (accno, description, charttype, category, link, gifi_accno, contra, allow_gl, symbol_link, detail, parent_id) VALUES ('2200', 'Geschuldete MWST', 'A', 'L', 'AP_amount', '220', false, true, '', 'VAT payable – settlement account (Geschuldete MWST). This is the main VAT liability account under the flat-rate method (Saldopauschale). Used for recording the VAT amount owed to the Swiss Federal Tax Administration (ESTV) based on the flat-rate percentage applied to gross revenue.', (SELECT id FROM chart WHERE accno = '220'));
INSERT INTO chart (accno, description, charttype, category, link, gifi_accno, contra, allow_gl, symbol_link, detail, parent_id) VALUES ('2201', 'Abrechnungskto. MwSt.', 'A', 'L', 'AP_amount', '220', false, true, '', 'VAT settlement / clearing account (Abrechnungskonto MwSt). Used for reconciling periodic VAT returns under the flat-rate method (Saldopauschale). This account nets the VAT collected on sales against the flat-rate VAT liability to determine the final amount owed or receivable.', (SELECT id FROM chart WHERE accno = '220'));
INSERT INTO chart (accno, description, charttype, category, link, gifi_accno, contra, allow_gl, symbol_link, detail, parent_id) VALUES ('22040', 'Bezugsteuer 8.1%', 'A', 'L', 'AP_tax', '220', false, true, '', 'Reverse charge VAT (Bezugsteuer) at 8.1% – liability side. Use when self-assessing VAT on services purchased from abroad. The reverse charge applies when a foreign supplier does not charge Swiss VAT. Even under the flat-rate method, reverse charge VAT must be declared and paid separately at the full rate.', (SELECT id FROM chart WHERE accno = '220'));
INSERT INTO chart (accno, description, charttype, category, link, gifi_accno, contra, allow_gl, symbol_link, detail, parent_id) VALUES ('22050', 'Befreite Leistungen, Exporte MWST 0% (Ziff. 220)', 'A', 'L', '', '220', false, true, '', 'VAT-exempt supplies and exports at 0% (MWST declaration line 220). Use this tax code for genuinely VAT-exempt sales and exports. Examples: exported goods, services to foreign recipients where exemption applies. Revenue is reported but no VAT is charged.', (SELECT id FROM chart WHERE accno = '220'));
INSERT INTO chart (accno, description, charttype, category, link, gifi_accno, contra, allow_gl, symbol_link, detail, parent_id) VALUES ('22051', 'Leistungen im Ausland MWST 0% (Ziff. 221)', 'A', 'L', '', '220', false, true, '', 'Services performed abroad at 0% (MWST declaration line 221). Use this tax code for services where the place of supply is outside Switzerland. No Swiss VAT applies. Examples: consulting for foreign clients where place of supply rules shift VAT abroad.', (SELECT id FROM chart WHERE accno = '220'));
INSERT INTO chart (accno, description, charttype, category, link, gifi_accno, contra, allow_gl, symbol_link, detail, parent_id) VALUES ('22052', 'Nicht steuerbare Leistungen MWST 0% (Ziff. 230)', 'A', 'L', '', '220', false, true, '', 'Non-taxable services at 0% (MWST declaration line 230). Use this tax code for services explicitly excluded from Swiss VAT. Examples: certain financial services, insurance services, healthcare, education, and cultural services exempt under MWSTG.', (SELECT id FROM chart WHERE accno = '220'));
INSERT INTO chart (accno, description, charttype, category, link, gifi_accno, contra, allow_gl, symbol_link, detail, parent_id) VALUES ('22053', 'Subventionen MWST 0% (Ziff. 900)', 'A', 'L', '', '220', false, true, '', 'Subsidies at 0% (MWST declaration line 900). Use this tax code when recording received subsidies and public contributions that are not subject to VAT but must be reported in the VAT return.', (SELECT id FROM chart WHERE accno = '220'));
INSERT INTO chart (accno, description, charttype, category, link, gifi_accno, contra, allow_gl, symbol_link, detail, parent_id) VALUES ('22054', 'Spenden, Dividenden, Schadenersatz MWST 0% (Ziff. 910)', 'A', 'L', '', '220', false, true, '', 'Donations, dividends, and compensation payments at 0% (MWST declaration line 910). Use this tax code for received donations, dividend income, and damage compensation payments that are not subject to VAT but must be reported in the VAT return.', (SELECT id FROM chart WHERE accno = '220'));
INSERT INTO chart (accno, description, charttype, category, link, gifi_accno, contra, allow_gl, symbol_link, detail, parent_id) VALUES ('22055', 'Nichtentgelt MWST 0%', 'A', 'L', '', '220', false, true, '', 'Non-consideration amounts at 0% (Nichtentgelt). Use this tax code for transactions without consideration that are not subject to VAT, such as certain internal transfers or non-commercial transactions.', (SELECT id FROM chart WHERE accno = '220'));
INSERT INTO chart (accno, description, charttype, category, link, gifi_accno, contra, allow_gl, symbol_link, detail, parent_id) VALUES ('22060', 'Verrechnungssteuer', 'A', 'L', 'AP_amount', '220', false, true, '', 'Withholding tax (Verrechnungssteuer) liability at 35%. Use when recording the obligation to remit 35% withholding tax on dividends, interest, or other distributions paid by the company to shareholders or investors.', (SELECT id FROM chart WHERE accno = '220'));
INSERT INTO chart (accno, description, charttype, category, link, gifi_accno, contra, allow_gl, symbol_link, detail, parent_id) VALUES ('221', 'ÜBRIGE KURZFRISTIGE VERBINDLICHKEITEN GEGENÜBER DRITTEN (UNVERZINSLICH)', 'H', 'L', '', '221', false, true, '', '', (SELECT id FROM chart WHERE accno = '20'));
INSERT INTO chart (accno, description, charttype, category, link, gifi_accno, contra, allow_gl, symbol_link, detail, parent_id) VALUES ('2215', 'Kreditkarte', 'A', 'L', '', '221', false, true, 'kreditkarten', 'Book credit card company statements and settlement invoices here. Examples: monthly Visa/Mastercard/Amex settlement statements, credit card processing fee statements. This is the clearing account for credit card liabilities.', (SELECT id FROM chart WHERE accno = '221'));
INSERT INTO chart (accno, description, charttype, category, link, gifi_accno, contra, allow_gl, symbol_link, detail, parent_id) VALUES ('225', 'ÜBRIGE KURZFRISTIGE VERBINDLICHKEITEN GEGENÜBER BETEILIGUNGEN (UNVERZINSLICH)', 'H', 'L', '', '225', false, true, '', '', (SELECT id FROM chart WHERE accno = '20'));
INSERT INTO chart (accno, description, charttype, category, link, gifi_accno, contra, allow_gl, symbol_link, detail, parent_id) VALUES ('226', 'ÜBRIGE KURZFRISTIGE VERBINDLICHKEITEN GEGENÜBER BETEILIGTEN UND ORGANEN (UNVERZINSLICH)', 'H', 'L', '', '226', false, true, '', '', (SELECT id FROM chart WHERE accno = '20'));
INSERT INTO chart (accno, description, charttype, category, link, gifi_accno, contra, allow_gl, symbol_link, detail, parent_id) VALUES ('2261', 'Beschlossene Ausschüttungen', 'A', 'L', '', '226', false, true, '', 'DO NOT AUTO-BOOK. Balance sheet account: Declared distributions / dividends payable. Manual booking only.', (SELECT id FROM chart WHERE accno = '226'));
INSERT INTO chart (accno, description, charttype, category, link, gifi_accno, contra, allow_gl, symbol_link, detail, parent_id) VALUES ('227', 'ÜBRIGE KURZFRISTIGE VERBINDLICHKEITEN GEGENÜBER SOZIALVERSICHERUNGEN UND VORSORGEEINRICHTUNGEN (UNVERZINSLICH)', 'H', 'L', '', '227', false, true, '', '', (SELECT id FROM chart WHERE accno = '20'));
INSERT INTO chart (accno, description, charttype, category, link, gifi_accno, contra, allow_gl, symbol_link, detail, parent_id) VALUES ('2270', 'Kontokorrent Vorsorgeeinrichtung', 'A', 'L', 'AP_amount', '227', false, true, '', 'Book invoices from pension fund / occupational pension institution (BVG/2nd pillar) here. Only for social insurance invoices and premium statements. Examples: quarterly BVG premium invoice, pension fund contribution statements.', (SELECT id FROM chart WHERE accno = '227'));
INSERT INTO chart (accno, description, charttype, category, link, gifi_accno, contra, allow_gl, symbol_link, detail, parent_id) VALUES ('2271', 'Kontokorrent AHV, IV, EO, ALV', 'A', 'L', 'AP_amount', '227', false, true, '', 'Book invoices from AHV/IV/EO/ALV compensation office here. Only for social insurance invoices and premium statements. Examples: quarterly AHV contribution statement, social security premium invoice from Ausgleichskasse.', (SELECT id FROM chart WHERE accno = '227'));
INSERT INTO chart (accno, description, charttype, category, link, gifi_accno, contra, allow_gl, symbol_link, detail, parent_id) VALUES ('2272', 'Kontokorrent FAK', 'A', 'L', 'AP_amount', '227', false, true, '', 'Book invoices from family allowance fund (FAK/FamZG) here. Only for family allowance fund invoices and premium statements. Examples: quarterly FAK contribution invoice.', (SELECT id FROM chart WHERE accno = '227'));
INSERT INTO chart (accno, description, charttype, category, link, gifi_accno, contra, allow_gl, symbol_link, detail, parent_id) VALUES ('2273', 'Kontokorrent Unfallversicherung', 'A', 'L', 'AP_amount', '227', false, true, '', 'Book invoices from accident insurance provider (UVG/Suva) here. Only for accident insurance invoices and premium statements. Examples: annual Suva premium invoice, UVG premium statement.', (SELECT id FROM chart WHERE accno = '227'));
INSERT INTO chart (accno, description, charttype, category, link, gifi_accno, contra, allow_gl, symbol_link, detail, parent_id) VALUES ('2274', 'Kontokorrent Krankentaggeldversicherung', 'A', 'L', 'AP_amount', '227', false, true, '', 'Book invoices from daily sickness benefit insurance provider (KTG) here. Only for sickness insurance invoices and premium statements. Examples: annual KTG premium invoice, daily sickness benefit premium statement.', (SELECT id FROM chart WHERE accno = '227'));
INSERT INTO chart (accno, description, charttype, category, link, gifi_accno, contra, allow_gl, symbol_link, detail, parent_id) VALUES ('2279', 'Kontokorrent Quellensteuer', 'A', 'L', 'AP_amount', '227', false, true, '', 'Book withholding tax (Quellensteuer) invoices and statements here. Only for withholding tax settlement statements from the tax authority.', (SELECT id FROM chart WHERE accno = '227'));
INSERT INTO chart (accno, description, charttype, category, link, gifi_accno, contra, allow_gl, symbol_link, detail, parent_id) VALUES ('230', 'PASSIVE RECHNUNGSABGRENZUNG UND KURZFRISTIGE RÜCKSTELLUNGEN', 'H', 'L', '', '230', false, true, '', '', (SELECT id FROM chart WHERE accno = '20'));
INSERT INTO chart (accno, description, charttype, category, link, gifi_accno, contra, allow_gl, symbol_link, detail, parent_id) VALUES ('2300', 'Noch nicht bezahlter Aufwand', 'A', 'L', '', '230', false, true, '', 'DO NOT AUTO-BOOK. Balance sheet account: Accrued expenses not yet paid. Manual booking only.', (SELECT id FROM chart WHERE accno = '230'));
INSERT INTO chart (accno, description, charttype, category, link, gifi_accno, contra, allow_gl, symbol_link, detail, parent_id) VALUES ('2301', 'Im Voraus erhaltener Ertrag', 'A', 'L', '', '230', false, true, '', 'DO NOT AUTO-BOOK. Balance sheet account: Deferred income received in advance. Manual booking only.', (SELECT id FROM chart WHERE accno = '230'));
INSERT INTO chart (accno, description, charttype, category, link, gifi_accno, contra, allow_gl, symbol_link, detail, parent_id) VALUES ('2310', 'Passive Rechnungsabgrenzung', 'A', 'L', '', '230', false, true, 'passiverechnungsabgrenzung', 'DO NOT AUTO-BOOK. Balance sheet account: Accrued liabilities / deferred income. Manual booking only.', (SELECT id FROM chart WHERE accno = '230'));
INSERT INTO chart (accno, description, charttype, category, link, gifi_accno, contra, allow_gl, symbol_link, detail, parent_id) VALUES ('2330', 'Kurzfristige Rückstellungen', 'A', 'L', '', '230', false, true, '', 'DO NOT AUTO-BOOK. Balance sheet account: Short-term provisions. Manual booking only.', (SELECT id FROM chart WHERE accno = '230'));
INSERT INTO chart (accno, description, charttype, category, link, gifi_accno, contra, allow_gl, symbol_link, detail, parent_id) VALUES ('2340', 'Steuerrückstellungen', 'A', 'L', 'AP_amount', '230', false, true, '', 'DO NOT AUTO-BOOK. Balance sheet account: Tax provisions. Manual booking only.', (SELECT id FROM chart WHERE accno = '230'));
INSERT INTO chart (accno, description, charttype, category, link, gifi_accno, contra, allow_gl, symbol_link, detail, parent_id) VALUES ('24', 'LANGFRISTIGES FREMDKAPITAL', 'H', 'L', '', '240', false, true, '', '', (SELECT id FROM chart WHERE accno = '2'));
INSERT INTO chart (accno, description, charttype, category, link, gifi_accno, contra, allow_gl, symbol_link, detail, parent_id) VALUES ('240', 'LANGFRISTIGE VERZINSLICHE VERBINDLICHKEITEN', 'H', 'L', '', '240', false, true, '', '', (SELECT id FROM chart WHERE accno = '24'));
INSERT INTO chart (accno, description, charttype, category, link, gifi_accno, contra, allow_gl, symbol_link, detail, parent_id) VALUES ('2400', 'Bankverbindlichkeiten langfristig', 'A', 'L', '', '240', false, true, '', 'DO NOT AUTO-BOOK. Balance sheet account: Long-term bank liabilities / loans. Manual booking only.', (SELECT id FROM chart WHERE accno = '240'));
INSERT INTO chart (accno, description, charttype, category, link, gifi_accno, contra, allow_gl, symbol_link, detail, parent_id) VALUES ('245', 'LANGFRISTIGE VERZINSLICHE VERBINDLICHKEITEN GEGENÜBER DRITTEN', 'H', 'L', '', '245', false, true, '', '', (SELECT id FROM chart WHERE accno = '24'));
INSERT INTO chart (accno, description, charttype, category, link, gifi_accno, contra, allow_gl, symbol_link, detail, parent_id) VALUES ('247', 'LANGFRISTIGE VERZINSLICHE VERBINDLICHKEITEN GEGENÜBER BETEILIGUNGEN', 'H', 'L', '', '247', false, true, '', '', (SELECT id FROM chart WHERE accno = '24'));
INSERT INTO chart (accno, description, charttype, category, link, gifi_accno, contra, allow_gl, symbol_link, detail, parent_id) VALUES ('248', 'LANGFRISTIGE VERZINSLICHE VERBINDLICHKEITEN GEGENÜBER BETEILIGTEN UND ORGANEN', 'H', 'L', '', '248', false, true, '', '', (SELECT id FROM chart WHERE accno = '24'));
INSERT INTO chart (accno, description, charttype, category, link, gifi_accno, contra, allow_gl, symbol_link, detail, parent_id) VALUES ('250', 'ÜBRIGE LANGFRISTIGE VERBINDLICHKEITEN GEGENÜBER DRITTEN (UNVERZINSLICH)', 'H', 'L', '', '250', false, true, '', '', (SELECT id FROM chart WHERE accno = '24'));
INSERT INTO chart (accno, description, charttype, category, link, gifi_accno, contra, allow_gl, symbol_link, detail, parent_id) VALUES ('255', 'ÜBRIGE LANGFRISTIGE VERBINDLICHKEITEN GEGENÜBER BETEILIGUNGEN (UNVERZINSLICH)', 'H', 'L', '', '255', false, true, '', '', (SELECT id FROM chart WHERE accno = '24'));
INSERT INTO chart (accno, description, charttype, category, link, gifi_accno, contra, allow_gl, symbol_link, detail, parent_id) VALUES ('256', 'ÜBRIGE LANGFRISITGE VERBINDLICHKEITEN GEGENÜBER BETEILIGTEN UND ORGANEN (UNVERZINSLICH)', 'H', 'L', '', '256', false, true, '', '', (SELECT id FROM chart WHERE accno = '24'));
INSERT INTO chart (accno, description, charttype, category, link, gifi_accno, contra, allow_gl, symbol_link, detail, parent_id) VALUES ('260', 'RÜCKSTELLUNGEN SOWIE VOM GESETZ VORGESEHENE ÄHNLICHE POSITIONEN', 'H', 'L', '', '260', false, true, '', '', (SELECT id FROM chart WHERE accno = '24'));
INSERT INTO chart (accno, description, charttype, category, link, gifi_accno, contra, allow_gl, symbol_link, detail, parent_id) VALUES ('2600', 'Rückstellungen', 'A', 'L', '', '260', false, true, '', 'DO NOT AUTO-BOOK. Balance sheet account: Long-term provisions. Manual booking only.', (SELECT id FROM chart WHERE accno = '260'));
INSERT INTO chart (accno, description, charttype, category, link, gifi_accno, contra, allow_gl, symbol_link, detail, parent_id) VALUES ('28', 'EIGENKAPITAL', 'H', 'Q', '', '280', false, true, '', '', (SELECT id FROM chart WHERE accno = '2'));
INSERT INTO chart (accno, description, charttype, category, link, gifi_accno, contra, allow_gl, symbol_link, detail, parent_id) VALUES ('280', 'GRUNDKAPITAL', 'H', 'Q', '', '280', false, true, '', '', (SELECT id FROM chart WHERE accno = '28'));
INSERT INTO chart (accno, description, charttype, category, link, gifi_accno, contra, allow_gl, symbol_link, detail, parent_id) VALUES ('2800', 'Grundkapital', 'A', 'Q', '', '280', false, true, '', 'DO NOT AUTO-BOOK. Balance sheet account: Share capital / equity capital. Manual booking only.', (SELECT id FROM chart WHERE accno = '280'));
INSERT INTO chart (accno, description, charttype, category, link, gifi_accno, contra, allow_gl, symbol_link, detail, parent_id) VALUES ('290', 'GESETZLICHE KAPITALRESERVE', 'H', 'Q', '', '290', false, true, '', '', (SELECT id FROM chart WHERE accno = '28'));
INSERT INTO chart (accno, description, charttype, category, link, gifi_accno, contra, allow_gl, symbol_link, detail, parent_id) VALUES ('2900', 'Aufgeld (Agio) bei Gründung oder Kapitalerhöhung', 'A', 'Q', '', '290', false, true, '', 'DO NOT AUTO-BOOK. Balance sheet account: Share premium (agio). Manual booking only.', (SELECT id FROM chart WHERE accno = '290'));
INSERT INTO chart (accno, description, charttype, category, link, gifi_accno, contra, allow_gl, symbol_link, detail, parent_id) VALUES ('2901', 'Übrige Einlagen, Aufgelder und Zuschüsse', 'A', 'Q', '', '290', false, true, '', 'DO NOT AUTO-BOOK. Balance sheet account: Other capital contributions. Manual booking only.', (SELECT id FROM chart WHERE accno = '290'));
INSERT INTO chart (accno, description, charttype, category, link, gifi_accno, contra, allow_gl, symbol_link, detail, parent_id) VALUES ('295', 'GESETZLICHE GEWINNRESERVE', 'H', 'Q', '', '295', false, false, '', '', (SELECT id FROM chart WHERE accno = '28'));
INSERT INTO chart (accno, description, charttype, category, link, gifi_accno, contra, allow_gl, symbol_link, detail, parent_id) VALUES ('2950', 'Allgemeine gesetzliche Gewinnreserve', 'A', 'Q', '', '295', false, true, '', 'DO NOT AUTO-BOOK. Balance sheet account: General legal profit reserve. Manual booking only.', (SELECT id FROM chart WHERE accno = '295'));
INSERT INTO chart (accno, description, charttype, category, link, gifi_accno, contra, allow_gl, symbol_link, detail, parent_id) VALUES ('2951', 'Aufwertungsreserve', 'A', 'Q', '', '295', false, true, '', 'DO NOT AUTO-BOOK. Balance sheet account: Revaluation reserve. Manual booking only.', (SELECT id FROM chart WHERE accno = '295'));
INSERT INTO chart (accno, description, charttype, category, link, gifi_accno, contra, allow_gl, symbol_link, detail, parent_id) VALUES ('2952', 'Reserve für eigene Aktien', 'A', 'Q', '', '295', false, true, '', 'DO NOT AUTO-BOOK. Balance sheet account: Reserve for treasury shares. Manual booking only.', (SELECT id FROM chart WHERE accno = '295'));
INSERT INTO chart (accno, description, charttype, category, link, gifi_accno, contra, allow_gl, symbol_link, detail, parent_id) VALUES ('296', 'FREIWILLIGE GEWINNRESERVEN', 'H', 'Q', '', '296', false, false, '', '', (SELECT id FROM chart WHERE accno = '28'));
INSERT INTO chart (accno, description, charttype, category, link, gifi_accno, contra, allow_gl, symbol_link, detail, parent_id) VALUES ('2960', 'Andere Reserven', 'A', 'Q', '', '296', false, true, '', 'DO NOT AUTO-BOOK. Balance sheet account: Other voluntary reserves. Manual booking only.', (SELECT id FROM chart WHERE accno = '296'));
INSERT INTO chart (accno, description, charttype, category, link, gifi_accno, contra, allow_gl, symbol_link, detail, parent_id) VALUES ('2961', 'Statutarische und beschlussmässige Gewinnreserven', 'A', 'Q', '', '296', false, true, '', 'DO NOT AUTO-BOOK. Balance sheet account: Statutory and discretionary profit reserves. Manual booking only.', (SELECT id FROM chart WHERE accno = '296'));
INSERT INTO chart (accno, description, charttype, category, link, gifi_accno, contra, allow_gl, symbol_link, detail, parent_id) VALUES ('297', 'BILANZGEWINN ODER BILANZVERLUST', 'H', 'Q', '', '297', false, true, '', '', (SELECT id FROM chart WHERE accno = '28'));
INSERT INTO chart (accno, description, charttype, category, link, gifi_accno, contra, allow_gl, symbol_link, detail, parent_id) VALUES ('2970', 'Gewinnvortrag oder Verlustvortrag', 'A', 'Q', '', '297', false, true, '', 'DO NOT AUTO-BOOK. Balance sheet account: Retained earnings / accumulated deficit. Manual booking only.', (SELECT id FROM chart WHERE accno = '297'));
INSERT INTO chart (accno, description, charttype, category, link, gifi_accno, contra, allow_gl, symbol_link, detail, parent_id) VALUES ('2979', 'Jahresgewinn oder Jahresverlust', 'A', 'Q', '', '297', false, true, '', 'DO NOT AUTO-BOOK. Balance sheet account: Annual net profit or loss. Manual booking only.', (SELECT id FROM chart WHERE accno = '297'));
INSERT INTO chart (accno, description, charttype, category, link, gifi_accno, contra, allow_gl, symbol_link, detail, parent_id) VALUES ('298', 'EIGENE KAPITALANTEILE', 'H', 'Q', '', '298', false, true, '', '', (SELECT id FROM chart WHERE accno = '28'));
INSERT INTO chart (accno, description, charttype, category, link, gifi_accno, contra, allow_gl, symbol_link, detail, parent_id) VALUES ('2980', 'Eigene Aktien', 'A', 'Q', '', '298', false, true, '', 'DO NOT AUTO-BOOK. Balance sheet account: Treasury shares. Manual booking only.', (SELECT id FROM chart WHERE accno = '298'));

------------------
--- 3 ERTRAG ---
------------------

INSERT INTO chart (accno, description, charttype, category, link, gifi_accno, contra, allow_gl, symbol_link, detail, parent_id) VALUES ('3', 'GESAMTLEISTUNG', 'H', 'I', '', '3', false, true, '', '', NULL);
INSERT INTO chart (accno, description, charttype, category, link, gifi_accno, contra, allow_gl, symbol_link, detail, parent_id) VALUES ('30', 'NETTOERLÖSE AUS LIEFERUNGEN UND LEISTUNGEN', 'H', 'I', '', '300', false, true, '', '', (SELECT id FROM chart WHERE accno = '3'));
INSERT INTO chart (accno, description, charttype, category, link, gifi_accno, contra, allow_gl, symbol_link, detail, parent_id) VALUES ('300', 'PRODUKTIONSERLÖSE', 'H', 'I', '', '300', false, true, '', '', (SELECT id FROM chart WHERE accno = '30'));
INSERT INTO chart (accno, description, charttype, category, link, gifi_accno, contra, allow_gl, symbol_link, detail, parent_id) VALUES ('3000', 'Produktionserlöse', 'A', 'I', 'AR_amount:IC_income', '300', false, true, '', 'Revenue from production activities. Book sales invoices for manufactured goods, production output, and custom-made products. Examples: invoices for produced goods, manufacturing orders, custom production work.', (SELECT id FROM chart WHERE accno = '300'));
INSERT INTO chart (accno, description, charttype, category, link, gifi_accno, contra, allow_gl, symbol_link, detail, parent_id) VALUES ('320', 'HANDELSERLÖSE', 'H', 'I', '', '320', false, true, '', '', (SELECT id FROM chart WHERE accno = '30'));
INSERT INTO chart (accno, description, charttype, category, link, gifi_accno, contra, allow_gl, symbol_link, detail, parent_id) VALUES ('3200', 'Handelserlöse', 'A', 'I', 'AR_amount:IC_income', '320', false, true, '', 'Revenue from trading / resale of goods. Book sales invoices for purchased and resold merchandise. Examples: invoices for resold products, wholesale/retail trade goods, drop-shipping sales.', (SELECT id FROM chart WHERE accno = '320'));
INSERT INTO chart (accno, description, charttype, category, link, gifi_accno, contra, allow_gl, symbol_link, detail, parent_id) VALUES ('340', 'DIENSTLEISTUNGSERLÖSE', 'H', 'I', '', '340', false, true, '', '', (SELECT id FROM chart WHERE accno = '30'));
INSERT INTO chart (accno, description, charttype, category, link, gifi_accno, contra, allow_gl, symbol_link, detail, parent_id) VALUES ('3400', 'Dienstleistungserlöse', 'A', 'I', 'AR_amount:IC_income', '340', false, true, '', 'Revenue from services rendered. Book sales invoices for consulting, advisory, freelance work, professional services, project-based work, service contracts. Examples: consulting fees, hourly service billing, project invoices, maintenance contracts.', (SELECT id FROM chart WHERE accno = '340'));
INSERT INTO chart (accno, description, charttype, category, link, gifi_accno, contra, allow_gl, symbol_link, detail, parent_id) VALUES ('34970', 'MWST 8.1%', 'A', 'I', 'AR_tax:IC_taxpart:IC_taxservice', '340', false, true, '', 'Output VAT (MWST) at 8.1% – standard rate, flat-rate method (Saldopauschale). Use this tax code when booking sales invoices and revenue subject to the standard Swiss VAT rate of 8.1%. Under the flat-rate method, this rate is charged on invoices to customers, but the company remits only the agreed flat-rate percentage to ESTV.', (SELECT id FROM chart WHERE accno = '220'));
INSERT INTO chart (accno, description, charttype, category, link, gifi_accno, contra, allow_gl, symbol_link, detail, parent_id) VALUES ('34980', 'MWST 3,8%', 'A', 'I', 'AR_tax:IC_taxpart:IC_taxservice', '340', false, true, '', 'Output VAT (MWST) at 3.8% – special rate for accommodation, flat-rate method (Saldopauschale). Use this tax code when booking sales invoices for accommodation/lodging services subject to the special VAT rate of 3.8%.', (SELECT id FROM chart WHERE accno = '220'));
INSERT INTO chart (accno, description, charttype, category, link, gifi_accno, contra, allow_gl, symbol_link, detail, parent_id) VALUES ('34990', 'MWST 2,6%', 'A', 'I', 'AR_tax:IC_taxpart:IC_taxservice', '340', false, true, '', 'Output VAT (MWST) at 2.6% – reduced rate, flat-rate method (Saldopauschale). Use this tax code when booking sales invoices for goods and services subject to the reduced VAT rate of 2.6% (e.g. food, beverages, books, newspapers, medications).', (SELECT id FROM chart WHERE accno = '220'));
INSERT INTO chart (accno, description, charttype, category, link, gifi_accno, contra, allow_gl, symbol_link, detail, parent_id) VALUES ('350', 'ERLÖSMINDERUNGEN AUS LIEFERUNGEN UND LEISTUNGEN', 'H', 'I', '', '350', false, true, '', '', (SELECT id FROM chart WHERE accno = '30'));
INSERT INTO chart (accno, description, charttype, category, link, gifi_accno, contra, allow_gl, symbol_link, detail, parent_id) VALUES ('3500', 'Skonti LuL', 'A', 'I', 'AR_paid', '350', false, true, '', 'Cash discounts granted on sales (reduction). Book early payment discounts granted to customers on trade receivables.', (SELECT id FROM chart WHERE accno = '350'));
INSERT INTO chart (accno, description, charttype, category, link, gifi_accno, contra, allow_gl, symbol_link, detail, parent_id) VALUES ('36', 'ÜBRIGER ERLÖS', 'H', 'I', '', '360', false, true, '', '', (SELECT id FROM chart WHERE accno = '3'));
INSERT INTO chart (accno, description, charttype, category, link, gifi_accno, contra, allow_gl, symbol_link, detail, parent_id) VALUES ('3600', 'Nebenerlöse aus Schulungen und Workshops', 'A', 'I', 'AR_amount:IC_income', '360', false, true, '', 'Ancillary revenue from training, workshops, and educational services. Book invoices for courses, seminars, workshops, training sessions offered to third parties.', (SELECT id FROM chart WHERE accno = '36'));
INSERT INTO chart (accno, description, charttype, category, link, gifi_accno, contra, allow_gl, symbol_link, detail, parent_id) VALUES ('3620', 'Erlöse Untermiete', 'A', 'I', 'AR_amount:IC_income', '360', false, true, NULL, 'Revenue from subletting / subleasing office or commercial space. Book rental income from subleased premises.', (SELECT id FROM chart WHERE accno = '36'));
INSERT INTO chart (accno, description, charttype, category, link, gifi_accno, contra, allow_gl, symbol_link, detail, parent_id) VALUES ('3680', 'Sonstige Erlöse', 'A', 'I', 'AR_amount:IC_income', '360', false, true, '', 'Other miscellaneous revenue not classified elsewhere. Book income that does not fit any other specific revenue account. Examples: insurance reimbursements, one-off service income, miscellaneous fees.', (SELECT id FROM chart WHERE accno = '36'));
INSERT INTO chart (accno, description, charttype, category, link, gifi_accno, contra, allow_gl, symbol_link, detail, parent_id) VALUES ('3689', 'Nicht kontiert', 'A', 'I', 'AR_amount', '360', false, true, 'nichtkontierterertrag', 'Unclassified revenue – temporary holding account for income that has not yet been assigned to a specific revenue category.', (SELECT id FROM chart WHERE accno = '36'));
INSERT INTO chart (accno, description, charttype, category, link, gifi_accno, contra, allow_gl, symbol_link, detail, parent_id) VALUES ('3699', 'Systemkonto', 'A', 'I', 'AR_amount:IC_sale:IC_income', '360', false, true, '', 'System account for revenue – used by the accounting system for automated revenue postings.', (SELECT id FROM chart WHERE accno = '36'));
INSERT INTO chart (accno, description, charttype, category, link, gifi_accno, contra, allow_gl, symbol_link, detail, parent_id) VALUES ('37', 'AKTIVIERTE EIGENLEISTUNGEN', 'H', 'I', '', '370', false, true, '', '', (SELECT id FROM chart WHERE accno = '3'));
INSERT INTO chart (accno, description, charttype, category, link, gifi_accno, contra, allow_gl, symbol_link, detail, parent_id) VALUES ('3700', 'Eigenleistungen', 'A', 'I', '', '370', false, true, '', 'Revenue from internally produced assets (capitalized own work). Book when the company capitalizes its own production output as an asset.', (SELECT id FROM chart WHERE accno = '37'));
INSERT INTO chart (accno, description, charttype, category, link, gifi_accno, contra, allow_gl, symbol_link, detail, parent_id) VALUES ('3710', 'Eigenverbrauch', 'A', 'I', '', '370', false, true, '', 'Revenue from own consumption / private use of company goods or services.', (SELECT id FROM chart WHERE accno = '37'));
INSERT INTO chart (accno, description, charttype, category, link, gifi_accno, contra, allow_gl, symbol_link, detail, parent_id) VALUES ('38', 'ERLÖSMINDERUNGEN', 'H', 'I', '', '380', false, true, '', '', (SELECT id FROM chart WHERE accno = '3'));
INSERT INTO chart (accno, description, charttype, category, link, gifi_accno, contra, allow_gl, symbol_link, detail, parent_id) VALUES ('3800', 'Skonti', 'A', 'I', 'AR_paid', '380', false, true, 'debitorskonto', 'Cash discounts granted (general sales reductions). Book early payment discounts given to customers.', (SELECT id FROM chart WHERE accno = '38'));
INSERT INTO chart (accno, description, charttype, category, link, gifi_accno, contra, allow_gl, symbol_link, detail, parent_id) VALUES ('3801', 'Rabatte und Preisnachlässe', 'A', 'I', 'AR_paid', '380', false, true, 'debitordifferenz', 'Rebates and price reductions granted to customers. Book volume discounts, price adjustments, and commercial allowances.', (SELECT id FROM chart WHERE accno = '38'));
INSERT INTO chart (accno, description, charttype, category, link, gifi_accno, contra, allow_gl, symbol_link, detail, parent_id) VALUES ('3802', 'MWST Saldosteuer', 'A', 'I', 'AP_amount', '380', false, true, '', 'VAT flat-rate tax (MWST Saldosteuer). Under the flat-rate method (Saldopauschale), this account records the VAT expense calculated by applying the agreed flat-rate percentage to gross revenue. This represents the actual VAT cost to the company – the difference between VAT charged to customers and the flat-rate amount remitted to ESTV is retained as income.', (SELECT id FROM chart WHERE accno = '350'));
INSERT INTO chart (accno, description, charttype, category, link, gifi_accno, contra, allow_gl, symbol_link, detail, parent_id) VALUES ('3804', 'Inkassospesen', 'A', 'I', '', '380', false, true, '', 'Collection costs and expenses. Book fees for debt collection activities on receivables.', (SELECT id FROM chart WHERE accno = '38'));
INSERT INTO chart (accno, description, charttype, category, link, gifi_accno, contra, allow_gl, symbol_link, detail, parent_id) VALUES ('3805', 'Verluste Forderungen, Veränderung Wertberichtigungen', 'A', 'I', 'AR_amount:IC_income', '380', false, true, '', 'Bad debt losses and changes to allowance for doubtful accounts. Book confirmed write-offs of uncollectible receivables.', (SELECT id FROM chart WHERE accno = '38'));
INSERT INTO chart (accno, description, charttype, category, link, gifi_accno, contra, allow_gl, symbol_link, detail, parent_id) VALUES ('39', 'BESTANDESÄNDERUNGEN AN UNFERTIGEN UND FERTIGEN ERZEUGNISSEN SOWIE AN NICHT FAKTURIERTEN DIENSTLEISTUNGEN', 'H', 'I', '', '390', false, true, '', '', (SELECT id FROM chart WHERE accno = '3'));
INSERT INTO chart (accno, description, charttype, category, link, gifi_accno, contra, allow_gl, symbol_link, detail, parent_id) VALUES ('3900', 'Bestandesänderungen unfertige Erzeugnisse', 'A', 'I', '', '390', false, true, '', 'Changes in inventory of work in progress (unfinished goods). Book periodic adjustments to WIP inventory values.', (SELECT id FROM chart WHERE accno = '39'));
INSERT INTO chart (accno, description, charttype, category, link, gifi_accno, contra, allow_gl, symbol_link, detail, parent_id) VALUES ('3901', 'Bestandesänderungen fertige Erzeugnisse', 'A', 'I', '', '390', false, true, '', 'Changes in inventory of finished goods. Book periodic adjustments to finished goods inventory values.', (SELECT id FROM chart WHERE accno = '39'));
INSERT INTO chart (accno, description, charttype, category, link, gifi_accno, contra, allow_gl, symbol_link, detail, parent_id) VALUES ('3904', 'Bestandesänderungen nicht fakturierte Dienstleistungen', 'A', 'I', '', '390', false, true, '', 'Changes in unbilled services inventory. Book periodic adjustments to the value of services performed but not yet invoiced.', (SELECT id FROM chart WHERE accno = '39'));

------------------
--- 4 AUFWAND ---
------------------

INSERT INTO chart (accno, description, charttype, category, link, gifi_accno, contra, allow_gl, symbol_link, detail, parent_id) VALUES ('4', 'AUFWAND FÜR MATERIAL, WAREN UND DIENSTLEISTUNGEN', 'H', 'E', '', '400', false, true, '', '', NULL);
INSERT INTO chart (accno, description, charttype, category, link, gifi_accno, contra, allow_gl, symbol_link, detail, parent_id) VALUES ('40', 'MATERIALAUFWAND', 'H', 'E', '', '400', false, true, '', '', (SELECT id FROM chart WHERE accno = '4'));
INSERT INTO chart (accno, description, charttype, category, link, gifi_accno, contra, allow_gl, symbol_link, detail, parent_id) VALUES ('4000', 'Materialeinkauf', 'A', 'E', 'AP_amount', '400', false, true, '', 'Raw materials and supplies purchases. Book invoices for raw materials, production supplies, components, and parts used in manufacturing or production. Examples: steel, wood, electronic components, packaging materials, screws, chemicals.', (SELECT id FROM chart WHERE accno = '40'));
INSERT INTO chart (accno, description, charttype, category, link, gifi_accno, contra, allow_gl, symbol_link, detail, parent_id) VALUES ('42', 'HANDELSWARENAUFWAND', 'H', 'E', '', '420', false, true, '', '', (SELECT id FROM chart WHERE accno = '4'));
INSERT INTO chart (accno, description, charttype, category, link, gifi_accno, contra, allow_gl, symbol_link, detail, parent_id) VALUES ('4200', 'Einkauf Handelsware', 'A', 'E', 'AP_amount', '420', false, true, '', 'Purchase of trading goods / merchandise for resale. Book invoices for goods purchased for resale without further processing. Examples: wholesale product purchases, goods from suppliers for retail, merchandise imports.', (SELECT id FROM chart WHERE accno = '42'));
INSERT INTO chart (accno, description, charttype, category, link, gifi_accno, contra, allow_gl, symbol_link, detail, parent_id) VALUES ('44', 'AUFWAND FÜR BEZOGENE DRITTLEISTUNGEN', 'H', 'E', '', '440', false, true, '', '', (SELECT id FROM chart WHERE accno = '4'));
INSERT INTO chart (accno, description, charttype, category, link, gifi_accno, contra, allow_gl, symbol_link, detail, parent_id) VALUES ('4400', 'Einkauf Drittleistung', 'A', 'E', 'AP_amount', '440', false, true, '', 'External services / subcontractor costs related to production or service delivery. Book invoices from subcontractors, freelancers, and external service providers whose work directly contributes to revenue-generating activities. Examples: outsourced manufacturing, freelance developer for client project, subcontracted installation work.', (SELECT id FROM chart WHERE accno = '44'));
INSERT INTO chart (accno, description, charttype, category, link, gifi_accno, contra, allow_gl, symbol_link, detail, parent_id) VALUES ('45', 'ENERGIEAUFWAND ZUR LEISTUNGSERSTELLUNG', 'H', 'E', '', '450', false, true, '', '', (SELECT id FROM chart WHERE accno = '4'));
INSERT INTO chart (accno, description, charttype, category, link, gifi_accno, contra, allow_gl, symbol_link, detail, parent_id) VALUES ('46', 'ÜBRIGER AUFWAND FÜR MATERIAL, HANDELSWAREN UND DIENSTLEISTUNGEN', 'H', 'E', '', '460', false, true, '', '', (SELECT id FROM chart WHERE accno = '4'));
INSERT INTO chart (accno, description, charttype, category, link, gifi_accno, contra, allow_gl, symbol_link, detail, parent_id) VALUES ('47', 'DIREKTE EINKAUFSSPESEN', 'H', 'E', '', '470', false, true, '', '', (SELECT id FROM chart WHERE accno = '4'));
INSERT INTO chart (accno, description, charttype, category, link, gifi_accno, contra, allow_gl, symbol_link, detail, parent_id) VALUES ('48', 'BESTANDESÄNDERUNGEN MATERIAL- / WARENVERLUSTE', 'H', 'E', '', '480', false, true, '', '', (SELECT id FROM chart WHERE accno = '4'));
INSERT INTO chart (accno, description, charttype, category, link, gifi_accno, contra, allow_gl, symbol_link, detail, parent_id) VALUES ('4800', 'Bestandesänderungen Handelswaren', 'A', 'E', '', '480', false, true, '', 'Changes in trading goods inventory. Book periodic adjustments to merchandise inventory values.', (SELECT id FROM chart WHERE accno = '48'));
INSERT INTO chart (accno, description, charttype, category, link, gifi_accno, contra, allow_gl, symbol_link, detail, parent_id) VALUES ('4880', 'Materialverluste', 'A', 'E', '', '480', false, true, '', 'Material losses, shrinkage, waste, and spoilage. Book write-offs for damaged, lost, or expired materials and goods.', (SELECT id FROM chart WHERE accno = '48'));
INSERT INTO chart (accno, description, charttype, category, link, gifi_accno, contra, allow_gl, symbol_link, detail, parent_id) VALUES ('49', 'EINKAUFSPREISMINDERUNGEN', 'H', 'E', '', '490', false, true, '', '', (SELECT id FROM chart WHERE accno = '4'));
INSERT INTO chart (accno, description, charttype, category, link, gifi_accno, contra, allow_gl, symbol_link, detail, parent_id) VALUES ('4999', 'Systemkonto', 'A', 'E', 'AP_amount:IC_expense:IC_cogs', '490', false, true, '', 'System account for cost of goods – used by the accounting system for automated COGS postings.', (SELECT id FROM chart WHERE accno = '49'));

------------------
--- 5 PERSONALAUFWAND ---
------------------

INSERT INTO chart (accno, description, charttype, category, link, gifi_accno, contra, allow_gl, symbol_link, detail, parent_id) VALUES ('5', 'PERSONALAUFWAND', 'H', 'E', '', '500', false, true, '', '', NULL);
INSERT INTO chart (accno, description, charttype, category, link, gifi_accno, contra, allow_gl, symbol_link, detail, parent_id) VALUES ('54', 'LOHNAUFWAND', 'H', 'E', '', '540', false, false, '', '', (SELECT id FROM chart WHERE accno = '5'));
INSERT INTO chart (accno, description, charttype, category, link, gifi_accno, contra, allow_gl, symbol_link, detail, parent_id) VALUES ('5400', 'Löhne', 'A', 'E', '', '540', false, true, '', 'DO NOT AUTO-BOOK. Payroll account: Gross salaries and wages. Booked via payroll processing only.', (SELECT id FROM chart WHERE accno = '54'));
INSERT INTO chart (accno, description, charttype, category, link, gifi_accno, contra, allow_gl, symbol_link, detail, parent_id) VALUES ('5401', 'Zulagen', 'A', 'E', '', '540', false, true, '', 'DO NOT AUTO-BOOK. Payroll account: Employee allowances and supplements. Booked via payroll processing only.', (SELECT id FROM chart WHERE accno = '54'));
INSERT INTO chart (accno, description, charttype, category, link, gifi_accno, contra, allow_gl, symbol_link, detail, parent_id) VALUES ('5402', 'Erfolgsbeteiligungen', 'A', 'E', '', '540', false, true, '', 'DO NOT AUTO-BOOK. Payroll account: Profit-sharing / bonuses. Booked via payroll processing only.', (SELECT id FROM chart WHERE accno = '54'));
INSERT INTO chart (accno, description, charttype, category, link, gifi_accno, contra, allow_gl, symbol_link, detail, parent_id) VALUES ('5403', 'Provisionen', 'A', 'E', '', '540', false, true, '', 'DO NOT AUTO-BOOK. Payroll account: Sales commissions. Booked via payroll processing only.', (SELECT id FROM chart WHERE accno = '54'));
INSERT INTO chart (accno, description, charttype, category, link, gifi_accno, contra, allow_gl, symbol_link, detail, parent_id) VALUES ('5405', 'Leistungen von Sozialversicherungen', 'A', 'E', 'AP_amount', '540', false, true, '', 'Social insurance benefit reimbursements received. Book reimbursement payments from social insurance institutions (e.g. EO, accident insurance daily benefits) that offset salary costs.', (SELECT id FROM chart WHERE accno = '54'));
INSERT INTO chart (accno, description, charttype, category, link, gifi_accno, contra, allow_gl, symbol_link, detail, parent_id) VALUES ('57', 'SOZIALVERSICHERUNGSAUFWAND', 'H', 'E', '', '570', false, true, '', '', (SELECT id FROM chart WHERE accno = '5'));
INSERT INTO chart (accno, description, charttype, category, link, gifi_accno, contra, allow_gl, symbol_link, detail, parent_id) VALUES ('5700', 'AHV, IV, EO, ALV', 'A', 'E', 'AP_amount', '570', false, true, '', 'DO NOT AUTO-BOOK. Payroll account: Employer contributions to AHV/IV/EO/ALV (Swiss social security). Booked via payroll processing only.', (SELECT id FROM chart WHERE accno = '57'));
INSERT INTO chart (accno, description, charttype, category, link, gifi_accno, contra, allow_gl, symbol_link, detail, parent_id) VALUES ('5710', 'FAK', 'A', 'E', 'AP_amount', '570', false, true, '', 'DO NOT AUTO-BOOK. Payroll account: Employer contributions to family allowance fund (FAK). Booked via payroll processing only.', (SELECT id FROM chart WHERE accno = '57'));
INSERT INTO chart (accno, description, charttype, category, link, gifi_accno, contra, allow_gl, symbol_link, detail, parent_id) VALUES ('5720', 'Vorsorgeeinrichtungen', 'A', 'E', 'AP_amount', '570', false, true, '', 'DO NOT AUTO-BOOK. Payroll account: Employer contributions to occupational pension (BVG/2nd pillar). Booked via payroll processing only.', (SELECT id FROM chart WHERE accno = '57'));
INSERT INTO chart (accno, description, charttype, category, link, gifi_accno, contra, allow_gl, symbol_link, detail, parent_id) VALUES ('5730', 'Unfallversicherung', 'A', 'E', 'AP_amount', '570', false, true, '', 'DO NOT AUTO-BOOK. Payroll account: Employer contributions to accident insurance (UVG/Suva). Booked via payroll processing only.', (SELECT id FROM chart WHERE accno = '57'));
INSERT INTO chart (accno, description, charttype, category, link, gifi_accno, contra, allow_gl, symbol_link, detail, parent_id) VALUES ('5740', 'Krankentaggeldversicherung', 'A', 'E', 'AP_amount', '570', false, true, '', 'DO NOT AUTO-BOOK. Payroll account: Employer contributions to daily sickness benefit insurance (KTG). Booked via payroll processing only.', (SELECT id FROM chart WHERE accno = '57'));
INSERT INTO chart (accno, description, charttype, category, link, gifi_accno, contra, allow_gl, symbol_link, detail, parent_id) VALUES ('5790', 'Quellensteuer', 'A', 'E', 'AP_amount', '570', false, true, '', 'DO NOT AUTO-BOOK. Payroll account: Withholding tax (Quellensteuer). Booked via payroll processing only.', (SELECT id FROM chart WHERE accno = '57'));
INSERT INTO chart (accno, description, charttype, category, link, gifi_accno, contra, allow_gl, symbol_link, detail, parent_id) VALUES ('58', 'ÜBRIGER PERSONALAUFWAND', 'H', 'E', '', '580', false, true, '', '', (SELECT id FROM chart WHERE accno = '5'));
INSERT INTO chart (accno, description, charttype, category, link, gifi_accno, contra, allow_gl, symbol_link, detail, parent_id) VALUES ('5800', 'Personalinserate', 'A', 'E', 'AP_amount', '580', false, true, '', 'Recruitment and job advertising costs. Book invoices for job postings, recruitment agency fees, headhunter fees, job portal subscriptions. Examples: LinkedIn job ads, recruitment agency invoice, job fair participation.', (SELECT id FROM chart WHERE accno = '58'));
INSERT INTO chart (accno, description, charttype, category, link, gifi_accno, contra, allow_gl, symbol_link, detail, parent_id) VALUES ('5810', 'Aus- und Weiterbildung', 'A', 'E', 'AP_amount', '580', false, true, '', 'Employee training and continuing education. Book invoices for professional development courses, seminars, certifications, conference fees, educational materials for employees. Examples: training course fees, online course subscriptions, certification exams.', (SELECT id FROM chart WHERE accno = '58'));
INSERT INTO chart (accno, description, charttype, category, link, gifi_accno, contra, allow_gl, symbol_link, detail, parent_id) VALUES ('5820', 'Spesenentschädigung effektiv', 'A', 'E', 'AP_amount', '580', false, true, '', 'Actual employee expense reimbursements. Book reimbursement claims for business travel, meals, accommodation, and other out-of-pocket employee expenses supported by receipts. Examples: hotel bills, meal receipts, taxi receipts from business trips.', (SELECT id FROM chart WHERE accno = '58'));
INSERT INTO chart (accno, description, charttype, category, link, gifi_accno, contra, allow_gl, symbol_link, detail, parent_id) VALUES ('5830', 'Spesenentschädigung pauschal', 'A', 'E', 'AP_amount', '580', false, true, '', 'Flat-rate employee expense allowances. Book fixed/lump-sum expense allowances paid to employees (e.g. car allowance, phone allowance).', (SELECT id FROM chart WHERE accno = '58'));
INSERT INTO chart (accno, description, charttype, category, link, gifi_accno, contra, allow_gl, symbol_link, detail, parent_id) VALUES ('5840', 'Personalkantine', 'A', 'E', 'AP_amount', '580', false, true, '', 'Staff cafeteria and catering costs. Book invoices for employee meal subsidies, canteen services, catering for staff events. Examples: catering company invoices, meal voucher purchases.', (SELECT id FROM chart WHERE accno = '58'));
INSERT INTO chart (accno, description, charttype, category, link, gifi_accno, contra, allow_gl, symbol_link, detail, parent_id) VALUES ('5880', 'Sonstiger Personalaufwand', 'A', 'E', 'AP_amount', '580', false, true, '', 'Other personnel-related expenses not classified elsewhere. Book miscellaneous HR costs such as team events, staff gifts, work clothing, relocation costs.', (SELECT id FROM chart WHERE accno = '58'));
INSERT INTO chart (accno, description, charttype, category, link, gifi_accno, contra, allow_gl, symbol_link, detail, parent_id) VALUES ('5890', 'Privatanteile Personalaufwand', 'A', 'E', '', '580', false, true, '', 'Private portions of personnel expenses (non-deductible). Book corrections for private use portions of employee benefits.', (SELECT id FROM chart WHERE accno = '58'));
INSERT INTO chart (accno, description, charttype, category, link, gifi_accno, contra, allow_gl, symbol_link, detail, parent_id) VALUES ('59', 'LEISTUNGEN DRITTER', 'H', 'E', '', '590', false, true, '', '', (SELECT id FROM chart WHERE accno = '5'));
INSERT INTO chart (accno, description, charttype, category, link, gifi_accno, contra, allow_gl, symbol_link, detail, parent_id) VALUES ('5900', 'Leistungen Dritter', 'A', 'E', 'AP_amount', '590', false, true, '', 'External temporary staff and staffing agency costs. Book invoices from temporary employment agencies, staff leasing, and contractor placement agencies. Examples: Adecco invoice, Randstad temporary worker invoice.', (SELECT id FROM chart WHERE accno = '59'));

------------------
--- 6 ÜBRIGER BETRIEBLICHER AUFWAND ---
------------------

INSERT INTO chart (accno, description, charttype, category, link, gifi_accno, contra, allow_gl, symbol_link, detail, parent_id) VALUES ('6', 'ÜBRIGER BETRIEBLICHER AUFWAND, ABSCHREIBUNGEN UND WERTBERICHTIGUNGEN SOWIE FINANZERGEBNIS', 'H', 'E', '', '600', false, true, '', '', NULL);
INSERT INTO chart (accno, description, charttype, category, link, gifi_accno, contra, allow_gl, symbol_link, detail, parent_id) VALUES ('60', 'ÜBRIGER BETRIEBLICHER AUFWAND', 'H', 'E', '', '600', false, true, '', '', (SELECT id FROM chart WHERE accno = '6'));
INSERT INTO chart (accno, description, charttype, category, link, gifi_accno, contra, allow_gl, symbol_link, detail, parent_id) VALUES ('600', 'RAUMAUFWAND', 'H', 'E', '', '600', false, false, '', '', (SELECT id FROM chart WHERE accno = '60'));
INSERT INTO chart (accno, description, charttype, category, link, gifi_accno, contra, allow_gl, symbol_link, detail, parent_id) VALUES ('6000', 'Mietzins', 'A', 'E', 'AP_amount', '600', false, true, 'miete', 'Office and business premises rent. Book monthly/quarterly rent invoices for office space, warehouses, production facilities, coworking spaces. Examples: monthly office rent, warehouse rental invoice.', (SELECT id FROM chart WHERE accno = '600'));
INSERT INTO chart (accno, description, charttype, category, link, gifi_accno, contra, allow_gl, symbol_link, detail, parent_id) VALUES ('6001', 'Parkplatz-Miete', 'A', 'E', 'AP_amount', '600', false, true, NULL, 'Parking space rental. Book invoices for rented parking spaces for business vehicles or employee parking. Examples: monthly parking garage invoice, parking lot rental.', (SELECT id FROM chart WHERE accno = '600'));
INSERT INTO chart (accno, description, charttype, category, link, gifi_accno, contra, allow_gl, symbol_link, detail, parent_id) VALUES ('6030', 'Nebenkosten', 'A', 'E', 'AP_amount', '600', false, true, '', 'Ancillary costs / utilities for rented premises. Book invoices for heating, water, building maintenance charges, and common area costs from landlord. Examples: quarterly utility bill, Nebenkosten statement.', (SELECT id FROM chart WHERE accno = '600'));
INSERT INTO chart (accno, description, charttype, category, link, gifi_accno, contra, allow_gl, symbol_link, detail, parent_id) VALUES ('6040', 'Reinigung', 'A', 'E', 'AP_amount', '600', false, true, '', 'Cleaning services for business premises. Book invoices for office cleaning, industrial cleaning, and janitorial services. Examples: monthly cleaning company invoice, window cleaning service.', (SELECT id FROM chart WHERE accno = '600'));
INSERT INTO chart (accno, description, charttype, category, link, gifi_accno, contra, allow_gl, symbol_link, detail, parent_id) VALUES ('6090', 'Privatanteile Raumaufwand', 'A', 'E', '', '600', false, true, '', 'Private portions of rent expense (non-deductible). Book corrections for private use of business premises.', (SELECT id FROM chart WHERE accno = '600'));
INSERT INTO chart (accno, description, charttype, category, link, gifi_accno, contra, allow_gl, symbol_link, detail, parent_id) VALUES ('610', 'UNTERHALT, REPARATUREN, ERSATZ (URE) LEASING MOBILE SACHANLAGEN', 'H', 'E', '', '610', false, true, '', '', (SELECT id FROM chart WHERE accno = '60'));
INSERT INTO chart (accno, description, charttype, category, link, gifi_accno, contra, allow_gl, symbol_link, detail, parent_id) VALUES ('6130', 'URE Büromobiliar', 'A', 'E', 'AP_amount', '610', false, true, '', 'Maintenance, repair, and replacement of office furniture. Book invoices for furniture repair, replacement parts, and minor furniture purchases under CHF 1,000. Examples: chair repair, desk adjustment, small shelf purchase.', (SELECT id FROM chart WHERE accno = '610'));
INSERT INTO chart (accno, description, charttype, category, link, gifi_accno, contra, allow_gl, symbol_link, detail, parent_id) VALUES ('6160', 'Leasing mobile Sachanlagen', 'A', 'E', 'AP_amount', '610', false, true, '', 'Leasing payments for movable business assets (excl. vehicles). Book leasing invoices for equipment, machinery, and other tangible assets. Examples: copier leasing, equipment lease payments.', (SELECT id FROM chart WHERE accno = '610'));
INSERT INTO chart (accno, description, charttype, category, link, gifi_accno, contra, allow_gl, symbol_link, detail, parent_id) VALUES ('620', 'FAHRZEUG- UND TRANSPORTAUFWAND', 'H', 'E', '', '620', false, true, '', '', (SELECT id FROM chart WHERE accno = '60'));
INSERT INTO chart (accno, description, charttype, category, link, gifi_accno, contra, allow_gl, symbol_link, detail, parent_id) VALUES ('6200', 'Reparaturen, Service, Reinigung Fahrzeuge', 'A', 'E', 'AP_amount', '620', false, true, '', 'Vehicle repair, servicing, and cleaning. Book invoices for vehicle maintenance, garage services, car washes, tire changes, and repairs. Examples: annual car service, tire change invoice, car wash subscription, garage repair bill.', (SELECT id FROM chart WHERE accno = '620'));
INSERT INTO chart (accno, description, charttype, category, link, gifi_accno, contra, allow_gl, symbol_link, detail, parent_id) VALUES ('6210', 'Betriebsstoffe Fahrzeuge', 'A', 'E', 'AP_amount', '620', false, true, '', 'Vehicle fuel and operating supplies. Book invoices for gasoline, diesel, electric charging, AdBlue, and other vehicle consumables. Examples: fuel station receipts, electric vehicle charging invoices.', (SELECT id FROM chart WHERE accno = '620'));
INSERT INTO chart (accno, description, charttype, category, link, gifi_accno, contra, allow_gl, symbol_link, detail, parent_id) VALUES ('6220', 'Versicherungen Fahrzeuge', 'A', 'E', 'AP_amount', '620', false, true, '', 'Vehicle insurance premiums. Book invoices for motor vehicle liability, comprehensive (Kasko), and other vehicle insurance policies. Examples: annual car insurance premium, fleet insurance invoice.', (SELECT id FROM chart WHERE accno = '620'));
INSERT INTO chart (accno, description, charttype, category, link, gifi_accno, contra, allow_gl, symbol_link, detail, parent_id) VALUES ('6230', 'Verkehrsabgaben, Beiträge, Gebühren', 'A', 'E', 'AP_amount', '620', false, true, '', 'Vehicle registration fees, road tax, and traffic charges. Book invoices for cantonal vehicle tax (Verkehrsabgaben), highway vignette, parking permits, and official vehicle fees. Examples: annual Strassenverkehrsamt invoice, vignette purchase.', (SELECT id FROM chart WHERE accno = '620'));
INSERT INTO chart (accno, description, charttype, category, link, gifi_accno, contra, allow_gl, symbol_link, detail, parent_id) VALUES ('6260', 'Fahrzeugleasing, Fahrzeugmieten', 'A', 'E', 'AP_amount', '620', false, true, '', 'Vehicle leasing and rental payments. Book invoices for car leasing, short-term vehicle rental, and fleet management. Examples: monthly car leasing invoice, rental car bill for business trip.', (SELECT id FROM chart WHERE accno = '620'));
INSERT INTO chart (accno, description, charttype, category, link, gifi_accno, contra, allow_gl, symbol_link, detail, parent_id) VALUES ('6270', 'Privatanteil Fahrzeugaufwand', 'A', 'E', 'AR_amount', '620', false, true, '', 'Private portion of vehicle expenses (non-deductible / income). Book adjustments for private use of company vehicles.', (SELECT id FROM chart WHERE accno = '620'));
INSERT INTO chart (accno, description, charttype, category, link, gifi_accno, contra, allow_gl, symbol_link, detail, parent_id) VALUES ('6280', 'Transportaufwand', 'A', 'E', 'AP_amount', '620', false, true, '', 'Freight, shipping, and transport costs. Book invoices for courier services, package shipping, freight forwarding, and logistics. Examples: DHL/UPS shipping invoice, freight forwarder bill, courier delivery.', (SELECT id FROM chart WHERE accno = '620'));
INSERT INTO chart (accno, description, charttype, category, link, gifi_accno, contra, allow_gl, symbol_link, detail, parent_id) VALUES ('630', 'SACHVERSICHERUNGEN, ABGABEN, GEBÜHREN, BEWILLIGUNGEN', 'H', 'E', '', '630', false, true, '', '', (SELECT id FROM chart WHERE accno = '60'));
INSERT INTO chart (accno, description, charttype, category, link, gifi_accno, contra, allow_gl, symbol_link, detail, parent_id) VALUES ('6300', 'Sachversicherungen', 'A', 'E', 'AP_amount', '630', false, true, '', 'Business property and liability insurance. Book invoices for general liability insurance, property insurance, business interruption insurance, and professional indemnity. Examples: annual liability insurance premium, business insurance policy renewal.', (SELECT id FROM chart WHERE accno = '630'));
INSERT INTO chart (accno, description, charttype, category, link, gifi_accno, contra, allow_gl, symbol_link, detail, parent_id) VALUES ('6360', 'Abgaben und Gebühren', 'A', 'E', 'AP_amount', '630', false, true, '', 'Government fees, levies, and charges. Book invoices for regulatory fees, official charges, administrative levies, and business-related government fees. Examples: commercial register fees, official permit fees, municipal charges.', (SELECT id FROM chart WHERE accno = '630'));
INSERT INTO chart (accno, description, charttype, category, link, gifi_accno, contra, allow_gl, symbol_link, detail, parent_id) VALUES ('6370', 'Bewilligungen', 'A', 'E', 'AP_amount', '630', false, true, '', 'Business permits and licenses. Book invoices for professional permits, trade licenses, and regulatory authorizations. Examples: cantonal business license, operating permit renewal.', (SELECT id FROM chart WHERE accno = '630'));
INSERT INTO chart (accno, description, charttype, category, link, gifi_accno, contra, allow_gl, symbol_link, detail, parent_id) VALUES ('640', 'ENERGIE- UND ENTSORGUNGSAUFWAND', 'H', 'E', '', '640', false, true, '', '', (SELECT id FROM chart WHERE accno = '60'));
INSERT INTO chart (accno, description, charttype, category, link, gifi_accno, contra, allow_gl, symbol_link, detail, parent_id) VALUES ('6400', 'Elektrizität', 'A', 'E', 'AP_amount', '640', false, true, '', 'Electricity costs for business premises. Book electricity invoices for office, warehouse, and production facilities. Examples: monthly/quarterly electricity bill from utility provider.', (SELECT id FROM chart WHERE accno = '640'));
INSERT INTO chart (accno, description, charttype, category, link, gifi_accno, contra, allow_gl, symbol_link, detail, parent_id) VALUES ('6460', 'Entsorgungsaufwand', 'A', 'E', 'AP_amount', '640', false, true, '', 'Waste disposal and recycling costs. Book invoices for waste management, recycling services, special waste disposal, and environmental fees. Examples: monthly waste collection invoice, hazardous waste disposal.', (SELECT id FROM chart WHERE accno = '640'));
INSERT INTO chart (accno, description, charttype, category, link, gifi_accno, contra, allow_gl, symbol_link, detail, parent_id) VALUES ('650', 'VERWALTUNGSAUFWAND', 'H', 'E', '', '650', false, true, '', '', (SELECT id FROM chart WHERE accno = '60'));
INSERT INTO chart (accno, description, charttype, category, link, gifi_accno, contra, allow_gl, symbol_link, detail, parent_id) VALUES ('6500', 'Büromaterial', 'A', 'E', 'AP_amount', '650', false, true, '', 'Office supplies and stationery. Book invoices for paper, pens, folders, printer cartridges, and general office consumables. Examples: office supply store purchase, printer toner order, paper delivery.', (SELECT id FROM chart WHERE accno = '650'));
INSERT INTO chart (accno, description, charttype, category, link, gifi_accno, contra, allow_gl, symbol_link, detail, parent_id) VALUES ('6501', 'Drucksachen', 'A', 'E', 'AP_amount', '650', false, true, '', 'Printed materials and business forms. Book invoices for business cards, letterheads, brochures, and printed marketing materials. Examples: business card printing, flyer production, brochure printing.', (SELECT id FROM chart WHERE accno = '650'));
INSERT INTO chart (accno, description, charttype, category, link, gifi_accno, contra, allow_gl, symbol_link, detail, parent_id) VALUES ('6503', 'Fachliteratur', 'A', 'E', 'AP_amount', '650', false, true, '', 'Professional books, journals, and subscriptions. Book invoices for trade publications, reference books, professional journal subscriptions. Examples: NZZ subscription, industry magazine, technical book purchase.', (SELECT id FROM chart WHERE accno = '650'));
INSERT INTO chart (accno, description, charttype, category, link, gifi_accno, contra, allow_gl, symbol_link, detail, parent_id) VALUES ('6510', 'Telekommunikation', 'A', 'E', 'AP_amount', '650', false, true, '', 'Telecommunications expenses. Book invoices for phone lines, mobile phone contracts, internet service, and communication platforms. Examples: Swisscom invoice, mobile phone bill, internet provider bill, Zoom/Teams subscription.', (SELECT id FROM chart WHERE accno = '650'));
INSERT INTO chart (accno, description, charttype, category, link, gifi_accno, contra, allow_gl, symbol_link, detail, parent_id) VALUES ('6513', 'Porti', 'A', 'E', 'AP_amount', '650', false, true, '', 'Postage and shipping for correspondence. Book invoices for postal services, stamps, and business mail. Examples: Swiss Post invoice, registered mail fees, PO box rental.', (SELECT id FROM chart WHERE accno = '650'));
INSERT INTO chart (accno, description, charttype, category, link, gifi_accno, contra, allow_gl, symbol_link, detail, parent_id) VALUES ('6520', 'Beiträge, Spenden, Vergabungen, Trinkgelder', 'A', 'E', 'AP_amount', '650', false, true, '', 'Donations, contributions, memberships, and tips. Book invoices for charitable donations, association memberships, industry body fees, and business-related gratuities. Examples: chamber of commerce membership, charitable donation receipt, industry association fee.', (SELECT id FROM chart WHERE accno = '650'));
INSERT INTO chart (accno, description, charttype, category, link, gifi_accno, contra, allow_gl, symbol_link, detail, parent_id) VALUES ('6530', 'Buchführung', 'A', 'E', 'AP_amount', '650', false, true, '', 'Accounting and bookkeeping services. Book invoices from external accountants, bookkeeping firms, and financial service providers. Examples: monthly bookkeeping fee, Treuhand invoice, tax return preparation.', (SELECT id FROM chart WHERE accno = '650'));
INSERT INTO chart (accno, description, charttype, category, link, gifi_accno, contra, allow_gl, symbol_link, detail, parent_id) VALUES ('6531', 'Unternehmensberatung', 'A', 'E', 'AP_amount', '650', false, true, '', 'Management consulting and advisory services. Book invoices from business consultants, strategy advisors, and management coaches. Examples: consulting project invoice, strategy workshop, business advisory fee.', (SELECT id FROM chart WHERE accno = '650'));
INSERT INTO chart (accno, description, charttype, category, link, gifi_accno, contra, allow_gl, symbol_link, detail, parent_id) VALUES ('6532', 'Rechtsberatung', 'A', 'E', 'AP_amount', '650', false, true, '', 'Legal advisory services. Book invoices from law firms, attorneys, notaries, and legal consultants. Examples: lawyer invoice, legal opinion, notary fees, contract review.', (SELECT id FROM chart WHERE accno = '650'));
INSERT INTO chart (accno, description, charttype, category, link, gifi_accno, contra, allow_gl, symbol_link, detail, parent_id) VALUES ('6540', 'Verwaltungsrat, Generalversammlung', 'A', 'E', 'AP_amount', '650', false, true, '', 'Board of directors and general assembly costs. Book expenses for board meetings, AGM organization, director compensation, and related costs. Examples: board meeting catering, AGM venue rental, director travel expenses.', (SELECT id FROM chart WHERE accno = '650'));
INSERT INTO chart (accno, description, charttype, category, link, gifi_accno, contra, allow_gl, symbol_link, detail, parent_id) VALUES ('6542', 'Revisionsstelle', 'A', 'E', 'AP_amount', '650', false, true, '', 'Audit and statutory examination costs. Book invoices from the external auditor / statutory auditors. Examples: annual audit fee, special examination invoice.', (SELECT id FROM chart WHERE accno = '650'));
INSERT INTO chart (accno, description, charttype, category, link, gifi_accno, contra, allow_gl, symbol_link, detail, parent_id) VALUES ('6550', 'Gründungs-, Kapitalerhöhungs- und Organisationsaufwand', 'A', 'E', 'AP_amount', '650', false, true, '', 'Company formation, capital increase, and reorganization costs. Book invoices related to company setup, capital increases, and corporate restructuring. Examples: notary fees for capital increase, commercial register entry fees, formation costs.', (SELECT id FROM chart WHERE accno = '650'));
INSERT INTO chart (accno, description, charttype, category, link, gifi_accno, contra, allow_gl, symbol_link, detail, parent_id) VALUES ('6551', 'Inkasso- und Betreibungsaufwand', 'A', 'E', 'AP_amount', '650', false, true, '', 'Debt collection and enforcement costs. Book invoices for collection agency fees, legal enforcement costs (Betreibung), and related expenses. Examples: collection agency fee, Betreibungsamt costs, legal enforcement fees.', (SELECT id FROM chart WHERE accno = '650'));
INSERT INTO chart (accno, description, charttype, category, link, gifi_accno, contra, allow_gl, symbol_link, detail, parent_id) VALUES ('6558', 'Steuerlich nicht abzugsfähiger Verwaltungsaufwand', 'A', 'E', 'AP_amount', '650', false, true, NULL, 'Non-tax-deductible administrative expenses. Book administrative costs that are explicitly not deductible for tax purposes. Examples: penalties, fines, excessive entertainment.', (SELECT id FROM chart WHERE accno = '650'));
INSERT INTO chart (accno, description, charttype, category, link, gifi_accno, contra, allow_gl, symbol_link, detail, parent_id) VALUES ('657', 'INFORMATIKAUFWAND', 'H', 'E', '', '657', false, true, '', '', (SELECT id FROM chart WHERE accno = '60'));
INSERT INTO chart (accno, description, charttype, category, link, gifi_accno, contra, allow_gl, symbol_link, detail, parent_id) VALUES ('6570', 'Leasing Hardware und Software', 'A', 'E', 'AP_amount', '657', false, true, '', 'Hardware and software leasing. Book leasing invoices for IT equipment and software. Examples: server leasing, laptop lease payments, SaaS leasing arrangements.', (SELECT id FROM chart WHERE accno = '657'));
INSERT INTO chart (accno, description, charttype, category, link, gifi_accno, contra, allow_gl, symbol_link, detail, parent_id) VALUES ('6580', 'Lizenzen, Updates', 'A', 'E', 'AP_amount', '657', false, true, '', 'Software licenses, subscriptions, and updates. Book invoices for software licenses, SaaS subscriptions, app subscriptions, and software updates. Examples: Microsoft 365 subscription, Adobe Creative Cloud, Slack, Salesforce license, antivirus software.', (SELECT id FROM chart WHERE accno = '657'));
INSERT INTO chart (accno, description, charttype, category, link, gifi_accno, contra, allow_gl, symbol_link, detail, parent_id) VALUES ('6581', 'Hosting und Wartung', 'A', 'E', 'AP_amount', '657', false, true, '', 'IT hosting, cloud services, and maintenance. Book invoices for web hosting, cloud infrastructure (AWS/Azure/GCP), server maintenance, and managed IT services. Examples: AWS invoice, web hosting provider, managed IT support contract.', (SELECT id FROM chart WHERE accno = '657'));
INSERT INTO chart (accno, description, charttype, category, link, gifi_accno, contra, allow_gl, symbol_link, detail, parent_id) VALUES ('6583', 'Verbrauchsmaterial IT', 'A', 'E', 'AP_amount', '657', false, true, '', 'IT consumables and peripherals. Book invoices for minor IT accessories and consumables under CHF 1,000. Examples: cables, USB sticks, keyboard, mouse, headset, adapters.', (SELECT id FROM chart WHERE accno = '657'));
INSERT INTO chart (accno, description, charttype, category, link, gifi_accno, contra, allow_gl, symbol_link, detail, parent_id) VALUES ('6590', 'Beratung und Entwicklung IT', 'A', 'E', 'AP_amount', '657', false, true, '', 'IT consulting and software development. Book invoices from IT consultants, developers, and technology advisors for custom development and technical projects. Examples: freelance developer invoice, IT security audit, custom software development.', (SELECT id FROM chart WHERE accno = '657'));
INSERT INTO chart (accno, description, charttype, category, link, gifi_accno, contra, allow_gl, symbol_link, detail, parent_id) VALUES ('660', 'WERBEAUFWAND', 'H', 'E', '', '660', false, true, '', '', (SELECT id FROM chart WHERE accno = '60'));
INSERT INTO chart (accno, description, charttype, category, link, gifi_accno, contra, allow_gl, symbol_link, detail, parent_id) VALUES ('6600', 'Werbeinserate', 'A', 'E', 'AP_amount', '660', false, true, '', 'Advertising and ad placements. Book invoices for online ads, print ads, TV/radio spots, and paid advertising. Examples: Google Ads invoice, Facebook/Instagram ad spend, newspaper ad placement, billboard rental.', (SELECT id FROM chart WHERE accno = '660'));
INSERT INTO chart (accno, description, charttype, category, link, gifi_accno, contra, allow_gl, symbol_link, detail, parent_id) VALUES ('6610', 'Werbedrucksachen, Werbematerial, Muster', 'A', 'E', 'AP_amount', '660', false, true, '', 'Promotional printed materials and samples. Book invoices for flyers, promotional brochures, product samples, branded merchandise, and giveaways. Examples: promotional flyer printing, branded pen order, product sample production.', (SELECT id FROM chart WHERE accno = '660'));
INSERT INTO chart (accno, description, charttype, category, link, gifi_accno, contra, allow_gl, symbol_link, detail, parent_id) VALUES ('6620', 'Fachmessen, Ausstellungen, Dekoration', 'A', 'E', 'AP_amount', '660', false, true, '', 'Trade fairs, exhibitions, and event participation. Book invoices for booth rental, exhibition setup, trade fair participation fees, and event decoration. Examples: trade fair booth fee, exhibition stand design, event setup costs.', (SELECT id FROM chart WHERE accno = '660'));
INSERT INTO chart (accno, description, charttype, category, link, gifi_accno, contra, allow_gl, symbol_link, detail, parent_id) VALUES ('6640', 'Reisespesen', 'A', 'E', 'AP_amount', '660', false, true, '', 'Business travel expenses. Book invoices for flights, trains, hotels, taxis, and other travel costs related to business trips. Examples: airline ticket, SBB train ticket, hotel booking for business trip, rental car for business travel.', (SELECT id FROM chart WHERE accno = '660'));
INSERT INTO chart (accno, description, charttype, category, link, gifi_accno, contra, allow_gl, symbol_link, detail, parent_id) VALUES ('6641', 'Kundenbetreuung', 'A', 'E', 'AP_amount', '660', false, true, '', 'Client entertainment and hospitality. Book invoices for client meals, business dinners, client gifts, and relationship-building expenses. Examples: restaurant bill for client dinner, client gift purchase, business lunch receipt.', (SELECT id FROM chart WHERE accno = '660'));
INSERT INTO chart (accno, description, charttype, category, link, gifi_accno, contra, allow_gl, symbol_link, detail, parent_id) VALUES ('6660', 'Sponsoring', 'A', 'E', 'AP_amount', '660', false, true, '', 'Sponsoring expenses. Book invoices for event sponsorship, sports team sponsorship, cultural sponsorship, and charity sponsorship. Examples: local football club sponsorship, event sponsoring fee, cultural festival support.', (SELECT id FROM chart WHERE accno = '660'));
INSERT INTO chart (accno, description, charttype, category, link, gifi_accno, contra, allow_gl, symbol_link, detail, parent_id) VALUES ('6670', 'Öffentlichkeitsarbeit, Public Relations', 'A', 'E', 'AP_amount', '660', false, true, '', 'Public relations and communications. Book invoices for PR agencies, media relations, press releases, and corporate communications. Examples: PR agency retainer, press event organization, media monitoring service.', (SELECT id FROM chart WHERE accno = '660'));
INSERT INTO chart (accno, description, charttype, category, link, gifi_accno, contra, allow_gl, symbol_link, detail, parent_id) VALUES ('6680', 'Werbeberatung, Marktanalysen', 'A', 'E', 'AP_amount', '660', false, true, '', 'Marketing consulting, market research, and analysis. Book invoices for marketing strategy consulting, market research studies, and analytics services. Examples: marketing agency invoice, customer survey, market analysis report.', (SELECT id FROM chart WHERE accno = '660'));
INSERT INTO chart (accno, description, charttype, category, link, gifi_accno, contra, allow_gl, symbol_link, detail, parent_id) VALUES ('670', 'SONSTIGER BETRIEBLICHER AUFWAND', 'H', 'E', '', '670', false, true, '', '', (SELECT id FROM chart WHERE accno = '60'));
INSERT INTO chart (accno, description, charttype, category, link, gifi_accno, contra, allow_gl, symbol_link, detail, parent_id) VALUES ('6700', 'Sonstiger betrieblicher Aufwand', 'A', 'E', 'AP_amount', '670', false, true, '', 'DO NOT AUTO-BOOK. Reserved account: Other operating expenses. This account is managed manually and must not be auto-booked.', (SELECT id FROM chart WHERE accno = '670'));
INSERT INTO chart (accno, description, charttype, category, link, gifi_accno, contra, allow_gl, symbol_link, detail, parent_id) VALUES ('6730', 'Bezugssteuer', 'A', 'A', 'AP_tax', '670', false, true, '', 'Reverse charge input VAT (Bezugssteuer) – asset/deductible side. Under the flat-rate method (Saldopauschale), reverse charge VAT on services purchased from abroad is generally not deductible. This account records the input tax portion of the reverse charge. Use together with account 22040 for the liability side.', (SELECT id FROM chart WHERE accno = '670'));
INSERT INTO chart (accno, description, charttype, category, link, gifi_accno, contra, allow_gl, symbol_link, detail, parent_id) VALUES ('67300', 'Bezugssteuer 8,1%', 'A', 'E', 'AP_tax', '670', false, true, '', 'Reverse charge VAT (Bezugssteuer) at 8.1% – tax code account. Use this tax code when self-assessing VAT at 8.1% on services purchased from abroad under the flat-rate method. The reverse charge applies when a foreign supplier does not charge Swiss VAT. Under Saldopauschale, this VAT is generally not recoverable.', (SELECT id FROM chart WHERE accno = '670'));
INSERT INTO chart (accno, description, charttype, category, link, gifi_accno, contra, allow_gl, symbol_link, detail, parent_id) VALUES ('6731', 'Bezugsteuer', 'A', 'E', 'AP_amount', '670', false, true, '', 'DO NOT AUTO-BOOK. Reserved account: Reverse charge VAT expense. This account is managed manually and must not be auto-booked.', (SELECT id FROM chart WHERE accno = '670'));
INSERT INTO chart (accno, description, charttype, category, link, gifi_accno, contra, allow_gl, symbol_link, detail, parent_id) VALUES ('6732', 'Vorsteuerkorrektur', 'A', 'E', 'AP_amount', '670', false, true, '', 'DO NOT AUTO-BOOK. Reserved account: Input VAT correction. This account is managed manually and must not be auto-booked.', (SELECT id FROM chart WHERE accno = '670'));
INSERT INTO chart (accno, description, charttype, category, link, gifi_accno, contra, allow_gl, symbol_link, detail, parent_id) VALUES ('6733', 'Vorsteuerkürzung', 'A', 'E', 'AP_amount', '670', false, true, '', 'DO NOT AUTO-BOOK. Reserved account: Input VAT reduction. This account is managed manually and must not be auto-booked.', (SELECT id FROM chart WHERE accno = '670'));
INSERT INTO chart (accno, description, charttype, category, link, gifi_accno, contra, allow_gl, symbol_link, detail, parent_id) VALUES ('6799', 'Nicht kontiert', 'A', 'E', 'AP_amount', '670', false, true, 'nichtkontierteraufwand', 'DO NOT AUTO-BOOK. Reserved account: Unclassified operating expenses. This account is managed manually and must not be auto-booked.', (SELECT id FROM chart WHERE accno = '670'));
INSERT INTO chart (accno, description, charttype, category, link, gifi_accno, contra, allow_gl, symbol_link, detail, parent_id) VALUES ('680', 'ABSCHREIBUNGEN UND WERTBERICHTIGUNGEN AUF POSITIONEN DES ANLAGEVERMÖGENS', 'H', 'E', '', '680', false, true, '', '', (SELECT id FROM chart WHERE accno = '60'));
INSERT INTO chart (accno, description, charttype, category, link, gifi_accno, contra, allow_gl, symbol_link, detail, parent_id) VALUES ('6800', 'Wertberichtigungen', 'A', 'E', '', '680', false, true, '', 'Value adjustments and impairments on fixed assets. Book write-downs on financial and tangible assets when their value has permanently decreased.', (SELECT id FROM chart WHERE accno = '680'));
INSERT INTO chart (accno, description, charttype, category, link, gifi_accno, contra, allow_gl, symbol_link, detail, parent_id) VALUES ('6820', 'Abschreibungen', 'A', 'E', '', '680', false, true, '', 'Depreciation on fixed assets. Book scheduled depreciation on tangible and intangible assets (machines, vehicles, furniture, software, etc.).', (SELECT id FROM chart WHERE accno = '680'));
INSERT INTO chart (accno, description, charttype, category, link, gifi_accno, contra, allow_gl, symbol_link, detail, parent_id) VALUES ('690', 'FINANZAUFWAND', 'H', 'E', '', '690', false, true, '', '', (SELECT id FROM chart WHERE accno = '60'));
INSERT INTO chart (accno, description, charttype, category, link, gifi_accno, contra, allow_gl, symbol_link, detail, parent_id) VALUES ('6900', 'Zinsaufwand gegenüber Dritten', 'A', 'E', 'AP_amount', '690', false, true, 'schuldzins', 'Interest expense to third parties. Book interest charges on bank loans, credit lines, and other third-party debt. Examples: bank loan interest statement, credit line interest charge.', (SELECT id FROM chart WHERE accno = '690'));
INSERT INTO chart (accno, description, charttype, category, link, gifi_accno, contra, allow_gl, symbol_link, detail, parent_id) VALUES ('6920', 'Zinsaufwand gegenüber Beteiligten und Organen', 'A', 'E', 'AP_amount', '690', false, true, '', 'Interest expense to shareholders and directors. Book interest on loans from shareholders and related parties.', (SELECT id FROM chart WHERE accno = '690'));
INSERT INTO chart (accno, description, charttype, category, link, gifi_accno, contra, allow_gl, symbol_link, detail, parent_id) VALUES ('6930', 'Zinsaufwand gegenüber Vorsorgeeinrichtungen', 'A', 'E', 'AP_amount', '690', false, true, '', 'Interest expense to pension funds. Book interest on liabilities to occupational pension institutions.', (SELECT id FROM chart WHERE accno = '690'));
INSERT INTO chart (accno, description, charttype, category, link, gifi_accno, contra, allow_gl, symbol_link, detail, parent_id) VALUES ('6940', 'Bankspesen', 'A', 'E', 'AR_paid:AP_paid', '690', false, true, 'drittspesen', 'Bank fees and charges. Book bank account maintenance fees, transaction charges, and general banking fees. Examples: monthly bank fee statement, wire transfer charges.', (SELECT id FROM chart WHERE accno = '690'));
INSERT INTO chart (accno, description, charttype, category, link, gifi_accno, contra, allow_gl, symbol_link, detail, parent_id) VALUES ('6942', 'Kursverluste', 'A', 'E', '', '690', false, true, '', 'Foreign exchange losses. Book realized and unrealized foreign currency losses from transactions and revaluations.', (SELECT id FROM chart WHERE accno = '690'));
INSERT INTO chart (accno, description, charttype, category, link, gifi_accno, contra, allow_gl, symbol_link, detail, parent_id) VALUES ('6943', 'Kreditkartengebühr', 'A', 'E', 'AP_amount', '690', false, true, '', 'Credit card processing fees. Book fees from credit card processors and payment service providers. Examples: SumUp fees, Stripe processing fees, credit card terminal charges.', (SELECT id FROM chart WHERE accno = '690'));
INSERT INTO chart (accno, description, charttype, category, link, gifi_accno, contra, allow_gl, symbol_link, detail, parent_id) VALUES ('6944', 'Bankspesen Zahlungsverkehr, Rundungsdifferenzen', 'A', 'E', 'AP_paid', '690', false, true, 'kreditordifferenz', 'Payment processing fees and rounding differences. Book bank payment processing charges and minor rounding differences. Examples: SEPA transfer fees, payment terminal fees, rounding adjustments.', (SELECT id FROM chart WHERE accno = '690'));
INSERT INTO chart (accno, description, charttype, category, link, gifi_accno, contra, allow_gl, symbol_link, detail, parent_id) VALUES ('695', 'FINANZERTRAG', 'H', 'E', '', '690', false, true, '', '', (SELECT id FROM chart WHERE accno = '60'));
INSERT INTO chart (accno, description, charttype, category, link, gifi_accno, contra, allow_gl, symbol_link, detail, parent_id) VALUES ('6950', 'Erträge aus flüssigen Mitteln und Wertschriften', 'A', 'E', '', '690', false, true, 'guthabenzins', 'Income from liquid assets and securities. Book interest income, dividend income, and capital gains from short-term investments and bank deposits.', (SELECT id FROM chart WHERE accno = '695'));
INSERT INTO chart (accno, description, charttype, category, link, gifi_accno, contra, allow_gl, symbol_link, detail, parent_id) VALUES ('6952', 'Kursgewinne', 'A', 'E', '', '690', false, true, '', 'Foreign exchange gains. Book realized and unrealized foreign currency gains from transactions and revaluations.', (SELECT id FROM chart WHERE accno = '695'));

------------------
--- 7 BETRIEBSFREMDER AUFWAND UND ERTRAG ---
------------------

INSERT INTO chart (accno, description, charttype, category, link, gifi_accno, contra, allow_gl, symbol_link, detail, parent_id) VALUES ('7', 'BETRIEBSFREMDER AUFWAND UND ERTRAG', 'H', 'E', '', '700', false, false, '', '', NULL);
INSERT INTO chart (accno, description, charttype, category, link, gifi_accno, contra, allow_gl, symbol_link, detail, parent_id) VALUES ('700', 'ERTRAG AUS NEBENBETRIEBEN', 'H', 'E', '', '700', false, true, '', '', (SELECT id FROM chart WHERE accno = '7'));
INSERT INTO chart (accno, description, charttype, category, link, gifi_accno, contra, allow_gl, symbol_link, detail, parent_id) VALUES ('7000', 'Ertrag aus Nebenbetrieb', 'A', 'E', '', '700', false, true, '', 'Revenue from ancillary business operations. Book income from side businesses or operations outside the core business activity.', (SELECT id FROM chart WHERE accno = '700'));
INSERT INTO chart (accno, description, charttype, category, link, gifi_accno, contra, allow_gl, symbol_link, detail, parent_id) VALUES ('701', 'AUFWAND AUS NEBENBETRIEBEN', 'H', 'E', '', '701', false, true, '', '', (SELECT id FROM chart WHERE accno = '7'));
INSERT INTO chart (accno, description, charttype, category, link, gifi_accno, contra, allow_gl, symbol_link, detail, parent_id) VALUES ('7010', 'Aufwand aus Nebenbetrieb', 'A', 'E', '', '701', false, true, '', 'Expenses from ancillary business operations. Book costs related to side businesses or operations outside the core business activity.', (SELECT id FROM chart WHERE accno = '701'));

------------------
--- 8 AUSSERORDENTLICHER AUFWAND UND DIREKTE STEUERN ---
------------------

INSERT INTO chart (accno, description, charttype, category, link, gifi_accno, contra, allow_gl, symbol_link, detail, parent_id) VALUES ('8', 'AUSSERORDENTLICHER, EINMALIGER ODER PERIODENFREMDER AUFWAND UND ERTRAG SOWIE DIREKTE STEUERN', 'H', 'E', '', '800', false, true, '', '', NULL);
INSERT INTO chart (accno, description, charttype, category, link, gifi_accno, contra, allow_gl, symbol_link, detail, parent_id) VALUES ('80', 'AUSSERORDENTLICHER, EINMALIGER ODER PERIODENFREMDER AUFWAND UND ERTRAG', 'H', 'E', '', '800', false, false, '', '', (SELECT id FROM chart WHERE accno = '8'));
INSERT INTO chart (accno, description, charttype, category, link, gifi_accno, contra, allow_gl, symbol_link, detail, parent_id) VALUES ('800', 'BETRIEBSFREMDER AUFWAND', 'H', 'E', '', '800', false, true, '', '', (SELECT id FROM chart WHERE accno = '80'));
INSERT INTO chart (accno, description, charttype, category, link, gifi_accno, contra, allow_gl, symbol_link, detail, parent_id) VALUES ('8000', 'Betriebsfremder Aufwand', 'A', 'E', '', '800', false, true, '', 'Non-operating expenses. Book expenses that are not related to the core business operations and are non-recurring in nature. Examples: losses on disposal of assets, write-off of non-operating items.', (SELECT id FROM chart WHERE accno = '800'));
INSERT INTO chart (accno, description, charttype, category, link, gifi_accno, contra, allow_gl, symbol_link, detail, parent_id) VALUES ('810', 'BETRIEBSFREMDER ERTRAG', 'H', 'E', '', '810', false, true, '', '', (SELECT id FROM chart WHERE accno = '80'));
INSERT INTO chart (accno, description, charttype, category, link, gifi_accno, contra, allow_gl, symbol_link, detail, parent_id) VALUES ('8100', 'Betriebsfremder Ertrag', 'A', 'E', '', '810', false, true, '', 'Non-operating income. Book income that is not related to core business operations. Examples: gains on disposal of non-operating assets, one-time non-operating receipts.', (SELECT id FROM chart WHERE accno = '810'));
INSERT INTO chart (accno, description, charttype, category, link, gifi_accno, contra, allow_gl, symbol_link, detail, parent_id) VALUES ('850', 'AUSSERORDENTLICHER AUFWAND', 'H', 'E', '', '850', false, true, '', '', (SELECT id FROM chart WHERE accno = '80'));
INSERT INTO chart (accno, description, charttype, category, link, gifi_accno, contra, allow_gl, symbol_link, detail, parent_id) VALUES ('8500', 'Ausserordentlicher Aufwand', 'A', 'E', 'AP_amount', '850', false, true, '', 'Extraordinary expenses. Book unusual and infrequent expenses outside normal business operations. Examples: natural disaster damage, unexpected legal settlements, theft losses.', (SELECT id FROM chart WHERE accno = '850'));
INSERT INTO chart (accno, description, charttype, category, link, gifi_accno, contra, allow_gl, symbol_link, detail, parent_id) VALUES ('851', 'AUSSERORDENTLICHER ERTRAG', 'H', 'E', '', '851', false, true, '', '', (SELECT id FROM chart WHERE accno = '80'));
INSERT INTO chart (accno, description, charttype, category, link, gifi_accno, contra, allow_gl, symbol_link, detail, parent_id) VALUES ('8510', 'Ausserordentlicher Ertrag', 'A', 'E', 'AR_amount:AP_amount', '851', false, true, '', 'Extraordinary income. Book unusual and infrequent income outside normal business operations. Examples: insurance compensation for extraordinary events, unexpected legal settlements received.', (SELECT id FROM chart WHERE accno = '851'));
INSERT INTO chart (accno, description, charttype, category, link, gifi_accno, contra, allow_gl, symbol_link, detail, parent_id) VALUES ('860', 'EINMALIGER AUFWAND', 'H', 'E', '', '860', false, true, '', '', (SELECT id FROM chart WHERE accno = '80'));
INSERT INTO chart (accno, description, charttype, category, link, gifi_accno, contra, allow_gl, symbol_link, detail, parent_id) VALUES ('8600', 'Einmaliger Aufwand', 'A', 'E', '', '860', false, true, '', 'One-time / non-recurring expenses. Book expenses that are clearly one-time in nature. Examples: restructuring costs, one-off project expenses.', (SELECT id FROM chart WHERE accno = '860'));
INSERT INTO chart (accno, description, charttype, category, link, gifi_accno, contra, allow_gl, symbol_link, detail, parent_id) VALUES ('861', 'EINMALIGER ERTRAG', 'H', 'E', '', '861', false, true, '', '', (SELECT id FROM chart WHERE accno = '80'));
INSERT INTO chart (accno, description, charttype, category, link, gifi_accno, contra, allow_gl, symbol_link, detail, parent_id) VALUES ('8610', 'Einmaliger Ertrag', 'A', 'E', '', '861', false, true, '', 'One-time / non-recurring income. Book income that is clearly one-time in nature. Examples: one-off insurance payout, one-time project income.', (SELECT id FROM chart WHERE accno = '861'));
INSERT INTO chart (accno, description, charttype, category, link, gifi_accno, contra, allow_gl, symbol_link, detail, parent_id) VALUES ('870', 'PERIODENFREMDER AUFWAND', 'H', 'E', '', '870', false, true, '', '', (SELECT id FROM chart WHERE accno = '80'));
INSERT INTO chart (accno, description, charttype, category, link, gifi_accno, contra, allow_gl, symbol_link, detail, parent_id) VALUES ('8700', 'Periodenfremder Aufwand', 'A', 'E', '', '870', false, true, '', 'Prior-period expenses. Book expenses that relate to a previous accounting period. Examples: late invoices from prior year, retroactive adjustments.', (SELECT id FROM chart WHERE accno = '870'));
INSERT INTO chart (accno, description, charttype, category, link, gifi_accno, contra, allow_gl, symbol_link, detail, parent_id) VALUES ('871', 'PERIODENFREMDER ERTRAG', 'H', 'E', '', '871', false, true, '', '', (SELECT id FROM chart WHERE accno = '80'));
INSERT INTO chart (accno, description, charttype, category, link, gifi_accno, contra, allow_gl, symbol_link, detail, parent_id) VALUES ('8710', 'Periodenfremder Ertrag', 'A', 'E', '', '871', false, true, '', 'Prior-period income. Book income that relates to a previous accounting period. Examples: retroactive credit notes, prior-year adjustments.', (SELECT id FROM chart WHERE accno = '871'));
INSERT INTO chart (accno, description, charttype, category, link, gifi_accno, contra, allow_gl, symbol_link, detail, parent_id) VALUES ('89', 'DIREKTE STEUERN', 'H', 'E', '', '890', false, true, '', '', (SELECT id FROM chart WHERE accno = '8'));
INSERT INTO chart (accno, description, charttype, category, link, gifi_accno, contra, allow_gl, symbol_link, detail, parent_id) VALUES ('8900', 'Kantons- und Gemeindesteuern', 'A', 'E', 'AP_amount', '890', false, true, '', 'Cantonal and municipal income taxes. Book tax assessment invoices for cantonal and communal taxes. Examples: annual cantonal tax bill, provisional tax invoice, municipal tax assessment.', (SELECT id FROM chart WHERE accno = '89'));
INSERT INTO chart (accno, description, charttype, category, link, gifi_accno, contra, allow_gl, symbol_link, detail, parent_id) VALUES ('8901', 'Direkte Bundessteuern', 'A', 'E', 'AP_amount', '890', false, true, '', 'Federal income tax (direkte Bundessteuer). Book tax assessment invoices for federal direct tax. Examples: annual federal tax bill, provisional federal tax invoice.', (SELECT id FROM chart WHERE accno = '89'));

---

--------------
--- 5 GIFI ---
--------------

DELETE FROM gifi;

INSERT INTO gifi (accno, description) VALUES ('1', 'AKTIVEN');
INSERT INTO gifi (accno, description) VALUES ('2', 'PASSIVEN');
INSERT INTO gifi (accno, description) VALUES ('3', 'GESAMTLEISTUNG');
INSERT INTO gifi (accno, description) VALUES ('4', 'AUFWAND FÜR MATERIAL, WAREN UND DIESTLEISTUNGEN');
INSERT INTO gifi (accno, description) VALUES ('5', 'PERSONALAUFWAND');
INSERT INTO gifi (accno, description) VALUES ('6', 'ÜBRIGER BETRIEBLICHER AUFWAND, ABSCHREIBUNGEN UND WERTBERICHTIGUNGEN SOWIE FINANZERGEBNIS');
INSERT INTO gifi (accno, description) VALUES ('7', 'BETRIEBLICHER NEBENERFOLG ');
INSERT INTO gifi (accno, description) VALUES ('8', 'AUSSERORDENTLICHER UND BETRIEBSFREMDER ERFOLG, STEUERN');
INSERT INTO gifi (accno, description) VALUES ('100', 'Flüssige Mittel');
INSERT INTO gifi (accno, description) VALUES ('106', 'Kurzfristig gehaltene Aktiven mit Börsenkurs');
INSERT INTO gifi (accno, description) VALUES ('109', 'Transferkonto');
INSERT INTO gifi (accno, description) VALUES ('110', 'Forderungen aus Lieferungen und Leistungen gegenüber Dritten');
INSERT INTO gifi (accno, description) VALUES ('111', 'Forderungen aus Lieferungen und Leistungen gegenüber Beteiligungen');
INSERT INTO gifi (accno, description) VALUES ('112', 'Forderungen aus Lieferungen und Leistungen gegenüber Beteiligten und Organen');
INSERT INTO gifi (accno, description) VALUES ('114', 'Übrige kurzfristige Forderungen gegenüber Dritten');
INSERT INTO gifi (accno, description) VALUES ('115', 'Übrige kurzfristige Forderungen gegenüber Beteiligungen');
INSERT INTO gifi (accno, description) VALUES ('116', 'Übrige kurzfristige Forderungen gegenüber Beteiligten und Organen');
INSERT INTO gifi (accno, description) VALUES ('117', 'Kurzfristige Forderungen gegenüber staatlichen Stellen');
INSERT INTO gifi (accno, description) VALUES ('118', 'Kurzfristige Forderungen gegenüber Sozialversicherungen');
INSERT INTO gifi (accno, description) VALUES ('119', 'Sonstige kurzfristige Forderungen');
INSERT INTO gifi (accno, description) VALUES ('120', 'Vorräte und nicht fakturierte Dienstleistungen');
INSERT INTO gifi (accno, description) VALUES ('130', 'Aktive Rechnungsabgrenzungen');
INSERT INTO gifi (accno, description) VALUES ('140', 'Finanzanlagen');
INSERT INTO gifi (accno, description) VALUES ('144', 'Langfristige Forderungen gegenüber Dritten');
INSERT INTO gifi (accno, description) VALUES ('145', 'Langfristige Forderungen gegenüber Beteiligungen');
INSERT INTO gifi (accno, description) VALUES ('146', 'Langfristige Forderungen gegenüber Beteiligten und Organen');
INSERT INTO gifi (accno, description) VALUES ('148', 'Beteiligungen');
INSERT INTO gifi (accno, description) VALUES ('150', 'Mobile Sachanlagen');
INSERT INTO gifi (accno, description) VALUES ('160', 'Immobile Sachanlagen');
INSERT INTO gifi (accno, description) VALUES ('170', 'Immaterielle Werte');
INSERT INTO gifi (accno, description) VALUES ('180', 'Nicht einbezahltes Grundkapital');
INSERT INTO gifi (accno, description) VALUES ('200', 'Verbindlichkeiten aus Lieferungen und Leistungen');
INSERT INTO gifi (accno, description) VALUES ('201', 'VERBINDLICHKEITEN AUS LIEFERUNGEN UND LEISTUNGEN GEGENÜBER BETEILIGTEN UND ORGANEN');
INSERT INTO gifi (accno, description) VALUES ('202', 'VERBINDLICHKEITEN AUS LIEFERUNGEN UND LEISTUNGEN GEGENÜBER BETEILIGUNGEN');
INSERT INTO gifi (accno, description) VALUES ('203', 'Erhaltene Anzahlungen von Dritten');
INSERT INTO gifi (accno, description) VALUES ('210', 'Kurzfristige verzinsliche Verbindlichkeiten');
INSERT INTO gifi (accno, description) VALUES ('214', 'Übrige kurzfristige verzinsliche Verbindlichkeiten gegenüber Dritten');
INSERT INTO gifi (accno, description) VALUES ('215', 'Kurzfristige verzinsliche Verbindlichkeiten gegenüber Beteiligungen');
INSERT INTO gifi (accno, description) VALUES ('216', 'Kurzfristige verzinsliche Verbindlichkeiten gegenüber Beteiligten und Organen');
INSERT INTO gifi (accno, description) VALUES ('220', 'Kurzfristige Verbindlichkeiten gegenüber staatlichen Stellen');
INSERT INTO gifi (accno, description) VALUES ('221', 'Übrige kurzfristige Verbindlichkeiten gegenüber Dritten (unverzinslich)');
INSERT INTO gifi (accno, description) VALUES ('225', 'Übrige kurzfristige Verbindlichkeiten gegenüber Beteiligungen (unverzinslich)');
INSERT INTO gifi (accno, description) VALUES ('226', 'Übrige kurzfristige Verbindlichkeiten gegenüber Beteiligten und Organen (unverzinslich)');
INSERT INTO gifi (accno, description) VALUES ('227', 'Übrige kurzfristige Verbindlichkeiten gegenüber Sozialversicherungen');
INSERT INTO gifi (accno, description) VALUES ('230', 'Passive Rechnungsabgrenzung und kurzfristige Rückstellungen');
INSERT INTO gifi (accno, description) VALUES ('240', 'Langfristige verzinsliche Verbindlichkeiten');
INSERT INTO gifi (accno, description) VALUES ('245', 'Übrige langfristige verzinsliche Verbindlichkeiten gegenüber Dritten');
INSERT INTO gifi (accno, description) VALUES ('247', 'Langfristige verzinsliche Verbindlichkeiten gegenüber Beteiligungen');
INSERT INTO gifi (accno, description) VALUES ('248', 'Langfristige verzinsliche Verbindlichkeiten gegenüber Beteiligten und Organen');
INSERT INTO gifi (accno, description) VALUES ('250', 'Übrige langfristige Verbindlichkeiten gegenüber Dritten (unverzinslich)');
INSERT INTO gifi (accno, description) VALUES ('255', 'Übrige langfristige Verbindlichkeiten gegenüber Beteiligungen (unverzinslich)');
INSERT INTO gifi (accno, description) VALUES ('256', 'Übrige langfristige Verbindlichkeiten gegenüber Beteiligten und Organen (unverzinslich)');
INSERT INTO gifi (accno, description) VALUES ('260', 'Rückstellungen sowie vom Gesetz vorgesehenen ähnlichen Positionen');
INSERT INTO gifi (accno, description) VALUES ('280', 'Kapital');
INSERT INTO gifi (accno, description) VALUES ('282', 'Kapitaleinlagen und Kapitalrücklage');
INSERT INTO gifi (accno, description) VALUES ('285', 'Privat');
INSERT INTO gifi (accno, description) VALUES ('289', 'Jahresgewinn oder Jahresverlust');
INSERT INTO gifi (accno, description) VALUES ('290', 'Reserven und Jahresgewinn oder Jahresverlust');
INSERT INTO gifi (accno, description) VALUES ('295', 'GESETZLICHE GEWINNRESERVE');
INSERT INTO gifi (accno, description) VALUES ('296', 'FREIWILLIGE GEWINNRESERVEN');
INSERT INTO gifi (accno, description) VALUES ('297', 'Bilanzgewinn oder Bilanzverlust');
INSERT INTO gifi (accno, description) VALUES ('298', 'Eigene Kapitalanteile');
INSERT INTO gifi (accno, description) VALUES ('300', 'Produktionserlöse');
INSERT INTO gifi (accno, description) VALUES ('320', 'Handelserlöse');
INSERT INTO gifi (accno, description) VALUES ('340', 'Dienstleistungserlöse');
INSERT INTO gifi (accno, description) VALUES ('350', 'Erlösminderungen aus Lieferungen und Leistungen');
INSERT INTO gifi (accno, description) VALUES ('360', 'Übrige Erlöse aus Lieferungen und Leistungen');
INSERT INTO gifi (accno, description) VALUES ('370', 'Eigenleistungen und Eigenverbrauch');
INSERT INTO gifi (accno, description) VALUES ('380', 'Erlösminderungen');
INSERT INTO gifi (accno, description) VALUES ('390', 'Bestandesänderungen an unfertigen und fertigen Erzeugnissen sowie an nicht fakturierten Dienstleistungen');
INSERT INTO gifi (accno, description) VALUES ('400', 'Materialaufwand');
INSERT INTO gifi (accno, description) VALUES ('420', 'Handelswarenaufwand');
INSERT INTO gifi (accno, description) VALUES ('440', 'Aufwand für bezogene Drittleistungen');
INSERT INTO gifi (accno, description) VALUES ('450', 'Energieaufwand zur Leistungserstellung');
INSERT INTO gifi (accno, description) VALUES ('460', 'Übriger Aufwand für Material, Handelswaren und Dienstleistungen');
INSERT INTO gifi (accno, description) VALUES ('470', 'Direkte Einkaufsspesen');
INSERT INTO gifi (accno, description) VALUES ('480', 'Bestandesveränderungen und Material- / Warenverluste');
INSERT INTO gifi (accno, description) VALUES ('490', 'Einkaufspreisminderung');
INSERT INTO gifi (accno, description) VALUES ('500', 'Personalaufwand');
INSERT INTO gifi (accno, description) VALUES ('540', 'Lohnaufwand');
INSERT INTO gifi (accno, description) VALUES ('570', 'Sozialversicherungsaufwand');
INSERT INTO gifi (accno, description) VALUES ('580', 'Übriger Personalaufwand');
INSERT INTO gifi (accno, description) VALUES ('590', 'Leistungen Dritter');
INSERT INTO gifi (accno, description) VALUES ('600', 'Raumaufwand');
INSERT INTO gifi (accno, description) VALUES ('610', 'Unterhalt, Reparaturen, Ersatz (URE) Leasing Mobile Sachanlagen');
INSERT INTO gifi (accno, description) VALUES ('620', 'Fahrzeug- und Transportaufwand');
INSERT INTO gifi (accno, description) VALUES ('630', 'Sachversicherungen, Abgaben, Gebühren, Bewilligungen');
INSERT INTO gifi (accno, description) VALUES ('640', 'Energie- und Entsorgungsaufwand');
INSERT INTO gifi (accno, description) VALUES ('650', 'Verwaltungsaufwand');
INSERT INTO gifi (accno, description) VALUES ('657', 'Informatikaufwand');
INSERT INTO gifi (accno, description) VALUES ('660', 'Werbeaufwand');
INSERT INTO gifi (accno, description) VALUES ('670', 'Sonstiger betrieblicher Aufwand');
INSERT INTO gifi (accno, description) VALUES ('680', 'Abschreibungen und Wertberichtigungen');
INSERT INTO gifi (accno, description) VALUES ('690', 'Finanzaufwand und Finanzertrag');
INSERT INTO gifi (accno, description) VALUES ('695', 'Finanzertrag');
INSERT INTO gifi (accno, description) VALUES ('700', 'Ertrag aus Nebenbetrieben');
INSERT INTO gifi (accno, description) VALUES ('701', 'Aufwand aus Nebenbetrieb');
INSERT INTO gifi (accno, description) VALUES ('750', 'Erfolg aus betrieblicher Liegenschaft');
INSERT INTO gifi (accno, description) VALUES ('751', 'Aufwand aus betrieblicher Liegenschaft');
INSERT INTO gifi (accno, description) VALUES ('800', 'Betriebsfremder Aufwand');
INSERT INTO gifi (accno, description) VALUES ('810', 'Betriebsfremder Ertrag');
INSERT INTO gifi (accno, description) VALUES ('850', 'Ausserordentlicher Aufwand');
INSERT INTO gifi (accno, description) VALUES ('851', 'Ausserordentlicher Ertrag');
INSERT INTO gifi (accno, description) VALUES ('860', 'Einmaliger Aufwand');
INSERT INTO gifi (accno, description) VALUES ('861', 'Einmaliger Ertrag');
INSERT INTO gifi (accno, description) VALUES ('870', 'Periodenfremder Aufwand');
INSERT INTO gifi (accno, description) VALUES ('871', 'Periodenfremder Ertrag');
INSERT INTO gifi (accno, description) VALUES ('890', 'Direkte Steuern');

-------------

-------------
--- 6 TAX ---
-------------

DELETE FROM tax;

INSERT INTO tax (id, chart_id, rate, taxnumber, validto) VALUES (32, (SELECT id FROM chart WHERE accno = '11700'), 0.081, 'CHE-XXX.XXX.XXX MWST', NULL);
INSERT INTO tax (id, chart_id, rate, taxnumber, validto) VALUES (33, (SELECT id FROM chart WHERE accno = '11710'), 1, 'CHE-XXX.XXX.XXX MWST', NULL);
INSERT INTO tax (id, chart_id, rate, taxnumber, validto) VALUES (34, (SELECT id FROM chart WHERE accno = '11711'), 1, 'CHE-XXX.XXX.XXX MWST', NULL);
INSERT INTO tax (id, chart_id, rate, taxnumber, validto) VALUES (35, (SELECT id FROM chart WHERE accno = '11720'), 0.026, 'CHE-XXX.XXX.XXX MWST', NULL);
INSERT INTO tax (id, chart_id, rate, taxnumber, validto) VALUES (36, (SELECT id FROM chart WHERE accno = '11730'), 0.081, 'CHE-XXX.XXX.XXX MWST', NULL);
INSERT INTO tax (id, chart_id, rate, taxnumber, validto) VALUES (37, (SELECT id FROM chart WHERE accno = '11740'), 0.038, 'CHE-XXX.XXX.XXX MWST', NULL);
INSERT INTO tax (id, chart_id, rate, taxnumber, validto) VALUES (38, (SELECT id FROM chart WHERE accno = '11750'), 0.026, 'CHE-XXX.XXX.XXX MWST', NULL);
INSERT INTO tax (id, chart_id, rate, taxnumber, validto) VALUES (39, (SELECT id FROM chart WHERE accno = '11760'), 0.081, 'CHE-XXX.XXX.XXX MWST', NULL);
INSERT INTO tax (id, chart_id, rate, taxnumber, validto) VALUES (40, (SELECT id FROM chart WHERE accno = '22010'), 0.081, 'CHE-XXX.XXX.XXX MWST', NULL);
INSERT INTO tax (id, chart_id, rate, taxnumber, validto) VALUES (41, (SELECT id FROM chart WHERE accno = '22020'), 0.038, 'CHE-XXX.XXX.XXX MWST', NULL);
INSERT INTO tax (id, chart_id, rate, taxnumber, validto) VALUES (42, (SELECT id FROM chart WHERE accno = '22030'), 0.026, 'CHE-XXX.XXX.XXX MWST', NULL);
INSERT INTO tax (id, chart_id, rate, taxnumber, validto) VALUES (43, (SELECT id FROM chart WHERE accno = '22040'), 0.081, 'CHE-XXX.XXX.XXX MWST', NULL);
INSERT INTO tax (id, chart_id, rate, taxnumber, validto) VALUES (44, (SELECT id FROM chart WHERE accno = '22050'), 0, 'CHE-XXX.XXX.XXX MWST', NULL);
INSERT INTO tax (id, chart_id, rate, taxnumber, validto) VALUES (45, (SELECT id FROM chart WHERE accno = '22051'), 0, 'CHE-XXX.XXX.XXX MWST', NULL);
INSERT INTO tax (id, chart_id, rate, taxnumber, validto) VALUES (46, (SELECT id FROM chart WHERE accno = '22052'), 0, 'CHE-XXX.XXX.XXX MWST', NULL);
INSERT INTO tax (id, chart_id, rate, taxnumber, validto) VALUES (47, (SELECT id FROM chart WHERE accno = '22053'), 0, 'CHE-XXX.XXX.XXX MWST', NULL);
INSERT INTO tax (id, chart_id, rate, taxnumber, validto) VALUES (48, (SELECT id FROM chart WHERE accno = '22054'), 0, 'CHE-XXX.XXX.XXX MWST', NULL);
INSERT INTO tax (id, chart_id, rate, taxnumber, validto) VALUES (49, (SELECT id FROM chart WHERE accno = '22055'), 0, 'CHE-XXX.XXX.XXX MWST', NULL);
INSERT INTO tax (id, chart_id, rate, taxnumber, validto) VALUES (50, (SELECT id FROM chart WHERE accno = '22060'), 0, 'CHE-XXX.XXX.XXX MWST', NULL);

------------------
--- 7 DEFAULTS ---
------------------
DELETE FROM defaults;
INSERT INTO defaults (fldname, fldvalue) VALUES ('inventory_accno_id', (SELECT id FROM chart WHERE accno = '1280'));
INSERT INTO defaults (fldname, fldvalue) VALUES ('income_accno_id', (SELECT id FROM chart WHERE accno = '3400'));
INSERT INTO defaults (fldname, fldvalue) VALUES ('expense_accno_id', (SELECT id FROM chart WHERE accno = '4200'));
INSERT INTO defaults (fldname, fldvalue) VALUES ('AR_paid', (SELECT id FROM chart WHERE accno = '1020'));
INSERT INTO defaults (fldname, fldvalue) VALUES ('AP_paid', (SELECT id FROM chart WHERE accno = '1020'));
INSERT INTO defaults (fldname, fldvalue) VALUES ('ar_accno_id', (SELECT id FROM chart WHERE accno = '1100'));
INSERT INTO defaults (fldname, fldvalue) VALUES ('ap_accno_id', (SELECT id FROM chart WHERE accno = '2000'));
INSERT INTO defaults (fldname, fldvalue) VALUES ('fxgainloss_accno_id', (SELECT id FROM chart WHERE accno = '6942'));
INSERT INTO defaults (fldname, fldvalue) VALUES ('weightunit', 'kg');
INSERT INTO defaults (fldname, fldvalue) VALUES ('precision', '2');
INSERT INTO defaults (fldname, fldvalue) VALUES ('cdt', '1');
INSERT INTO defaults (fldname, fldvalue) VALUES ('glnumber','X-0');
INSERT INTO defaults (fldname, fldvalue) VALUES ('sinumber','R-999');
INSERT INTO defaults (fldname, fldvalue) VALUES ('vinumber','EB-0');
INSERT INTO defaults (fldname, fldvalue) VALUES ('batchnumber','V-0');
INSERT INTO defaults (fldname, fldvalue) VALUES ('vouchernumber','B-0');
INSERT INTO defaults (fldname, fldvalue) VALUES ('sonumber','AB-0');
INSERT INTO defaults (fldname, fldvalue) VALUES ('ponumber','E-0');
INSERT INTO defaults (fldname, fldvalue) VALUES ('sqnumber','O-0');
INSERT INTO defaults (fldname, fldvalue) VALUES ('rfqnumber','EO-0');
INSERT INTO defaults (fldname, fldvalue) VALUES ('partnumber','ART-0');
INSERT INTO defaults (fldname, fldvalue) VALUES ('employeenumber','MA-0');
INSERT INTO defaults (fldname, fldvalue) VALUES ('customernumber','KD-0');
INSERT INTO defaults (fldname, fldvalue) VALUES ('vendornumber','L-0');
INSERT INTO defaults (fldname, fldvalue) VALUES ('projectnumber','P-0');
INSERT INTO defaults (fldname, fldvalue) VALUES ('audittrail','1');
INSERT INTO defaults (fldname, fldvalue) VALUES ('linetax', '1');
--------------------
--- 8 CURRENCIES ---
--------------------

DELETE FROM curr;

INSERT INTO curr (rn, curr, prec) VALUES (1,'CHF',2);
INSERT INTO curr (rn, curr, prec) VALUES (2,'EUR',2);
INSERT INTO curr (rn, curr, prec) VALUES (3,'USD',2);
INSERT INTO curr (rn, curr, prec) VALUES (4,'GBP',2);
INSERT INTO curr (rn, curr, prec) VALUES (5,'JPY',2);
INSERT INTO curr (rn, curr, prec) VALUES (6,'CAD',2);
INSERT INTO curr (rn, curr, prec) VALUES (7,'AUD',2);
INSERT INTO curr (rn, curr, prec) VALUES (8,'CNY',2);
INSERT INTO curr (rn, curr, prec) VALUES (9,'SGD',2);
INSERT INTO curr (rn, curr, prec) VALUES (10,'HKD',2);
INSERT INTO curr (rn, curr, prec) VALUES (11,'SEK',2);
INSERT INTO curr (rn, curr, prec) VALUES (12,'DKK',2);
INSERT INTO curr (rn, curr, prec) VALUES (13,'NOK',2);
INSERT INTO curr (rn, curr, prec) VALUES (14,'PLN',2);
INSERT INTO curr (rn, curr, prec) VALUES (15,'RUB',2);
INSERT INTO curr (rn, curr, prec) VALUES (16,'RSD',2);
INSERT INTO curr (rn, curr, prec) VALUES (17,'TRY',2);